,Store,DayOfWeek,Date,Sales,Customers,Open,Promo,StateHoliday,SchoolHoliday,Year,Month,Day,Lagged_Open
1112,2,2,2013-01-01,0,0,0,0,a,1,2013,1,1,0
2227,2,3,2013-01-02,4422,650,1,0,0,1,2013,1,2,1
3342,2,4,2013-01-03,4159,555,1,0,0,1,2013,1,3,0
4457,2,5,2013-01-04,4484,574,1,0,0,1,2013,1,4,0
5572,2,6,2013-01-05,2342,324,1,0,0,0,2013,1,5,0
6687,2,7,2013-01-06,0,0,0,0,0,0,2013,1,6,0
7802,2,1,2013-01-07,6775,763,1,1,0,0,2013,1,7,1
8917,2,2,2013-01-08,6318,685,1,1,0,0,2013,1,8,0
10032,2,3,2013-01-09,6763,785,1,1,0,0,2013,1,9,0
11147,2,4,2013-01-10,5618,637,1,1,0,0,2013,1,10,0
12262,2,5,2013-01-11,4810,539,1,1,0,0,2013,1,11,0
13377,2,6,2013-01-12,2630,337,1,0,0,0,2013,1,12,0
14492,2,7,2013-01-13,0,0,0,0,0,0,2013,1,13,0
15607,2,1,2013-01-14,3995,530,1,0,0,0,2013,1,14,1
16722,2,2,2013-01-15,4075,513,1,0,0,0,2013,1,15,0
17837,2,3,2013-01-16,4198,591,1,0,0,0,2013,1,16,0
18952,2,4,2013-01-17,2973,403,1,0,0,0,2013,1,17,0
20067,2,5,2013-01-18,3441,434,1,0,0,0,2013,1,18,0
21182,2,6,2013-01-19,2399,303,1,0,0,0,2013,1,19,0
22297,2,7,2013-01-20,0,0,0,0,0,0,2013,1,20,0
23412,2,1,2013-01-21,6311,662,1,1,0,0,2013,1,21,1
24527,2,2,2013-01-22,5803,656,1,1,0,0,2013,1,22,0
25642,2,3,2013-01-23,5974,690,1,1,0,0,2013,1,23,0
26757,2,4,2013-01-24,5091,582,1,1,0,0,2013,1,24,0
27872,2,5,2013-01-25,4589,522,1,1,0,0,2013,1,25,0
28987,2,6,2013-01-26,2205,303,1,0,0,0,2013,1,26,0
30102,2,7,2013-01-27,0,0,0,0,0,0,2013,1,27,0
31217,2,1,2013-01-28,3549,488,1,0,0,0,2013,1,28,1
32332,2,2,2013-01-29,3461,476,1,0,0,0,2013,1,29,0
33447,2,3,2013-01-30,4446,608,1,0,0,0,2013,1,30,0
34562,2,4,2013-01-31,4340,517,1,0,0,0,2013,1,31,0
35677,2,5,2013-02-01,4545,554,1,0,0,0,2013,2,1,0
36792,2,6,2013-02-02,2956,361,1,0,0,0,2013,2,2,0
37907,2,7,2013-02-03,0,0,0,0,0,0,2013,2,3,0
39022,2,1,2013-02-04,6480,688,1,1,0,0,2013,2,4,1
40137,2,2,2013-02-05,6269,674,1,1,0,0,2013,2,5,0
41252,2,3,2013-02-06,6438,769,1,1,0,0,2013,2,6,0
42367,2,4,2013-02-07,5575,638,1,1,0,0,2013,2,7,0
43482,2,5,2013-02-08,4203,491,1,1,0,0,2013,2,8,0
44597,2,6,2013-02-09,3031,354,1,0,0,0,2013,2,9,0
45712,2,7,2013-02-10,0,0,0,0,0,0,2013,2,10,0
46827,2,1,2013-02-11,4303,582,1,0,0,0,2013,2,11,1
47942,2,2,2013-02-12,3968,504,1,0,0,0,2013,2,12,0
49057,2,3,2013-02-13,5001,678,1,0,0,0,2013,2,13,0
50172,2,4,2013-02-14,4439,574,1,0,0,0,2013,2,14,0
51287,2,5,2013-02-15,3812,494,1,0,0,0,2013,2,15,0
52402,2,6,2013-02-16,2401,290,1,0,0,0,2013,2,16,0
53517,2,7,2013-02-17,0,0,0,0,0,0,2013,2,17,0
54632,2,1,2013-02-18,7493,757,1,1,0,1,2013,2,18,1
55747,2,2,2013-02-19,5734,588,1,1,0,1,2013,2,19,0
56862,2,3,2013-02-20,6116,689,1,1,0,1,2013,2,20,0
57977,2,4,2013-02-21,5276,589,1,1,0,1,2013,2,21,0
59092,2,5,2013-02-22,4552,509,1,1,0,1,2013,2,22,0
60207,2,6,2013-02-23,1919,230,1,0,0,0,2013,2,23,0
61322,2,7,2013-02-24,0,0,0,0,0,0,2013,2,24,0
62437,2,1,2013-02-25,3084,432,1,0,0,0,2013,2,25,1
63552,2,2,2013-02-26,3919,480,1,0,0,0,2013,2,26,0
64667,2,3,2013-02-27,4741,635,1,0,0,0,2013,2,27,0
65782,2,4,2013-02-28,4859,565,1,0,0,0,2013,2,28,0
66897,2,5,2013-03-01,4290,555,1,0,0,0,2013,3,1,0
68012,2,6,2013-03-02,2643,353,1,0,0,0,2013,3,2,0
69127,2,7,2013-03-03,0,0,0,0,0,0,2013,3,3,0
70242,2,1,2013-03-04,7993,790,1,1,0,0,2013,3,4,1
71357,2,2,2013-03-05,6357,660,1,1,0,0,2013,3,5,0
72472,2,3,2013-03-06,6842,806,1,1,0,0,2013,3,6,0
73587,2,4,2013-03-07,5747,640,1,1,0,0,2013,3,7,0
74702,2,5,2013-03-08,4822,594,1,1,0,0,2013,3,8,0
75817,2,6,2013-03-09,2208,281,1,0,0,0,2013,3,9,0
76932,2,7,2013-03-10,0,0,0,0,0,0,2013,3,10,0
78047,2,1,2013-03-11,3778,505,1,0,0,0,2013,3,11,1
79162,2,2,2013-03-12,2991,424,1,0,0,0,2013,3,12,0
80277,2,3,2013-03-13,3874,516,1,0,0,0,2013,3,13,0
81392,2,4,2013-03-14,3964,514,1,0,0,0,2013,3,14,0
82507,2,5,2013-03-15,4181,491,1,0,0,0,2013,3,15,0
83622,2,6,2013-03-16,2956,346,1,0,0,0,2013,3,16,0
84737,2,7,2013-03-17,0,0,0,0,0,0,2013,3,17,0
85852,2,1,2013-03-18,7593,712,1,1,0,0,2013,3,18,1
86967,2,2,2013-03-19,6224,670,1,1,0,0,2013,3,19,0
88082,2,3,2013-03-20,6783,826,1,1,0,0,2013,3,20,0
89197,2,4,2013-03-21,5322,609,1,1,0,0,2013,3,21,0
90312,2,5,2013-03-22,4955,540,1,1,0,0,2013,3,22,0
91427,2,6,2013-03-23,2691,330,1,0,0,0,2013,3,23,0
92542,2,7,2013-03-24,0,0,0,0,0,0,2013,3,24,0
93657,2,1,2013-03-25,8412,844,1,1,0,1,2013,3,25,1
94772,2,2,2013-03-26,6384,702,1,1,0,1,2013,3,26,0
95887,2,3,2013-03-27,7880,892,1,1,0,1,2013,3,27,0
97002,2,4,2013-03-28,7229,801,1,1,0,1,2013,3,28,0
98117,2,5,2013-03-29,0,0,0,1,b,1,2013,3,29,0
99232,2,6,2013-03-30,4406,493,1,0,0,0,2013,3,30,1
100347,2,7,2013-03-31,0,0,0,0,0,0,2013,3,31,0
101462,2,1,2013-04-01,0,0,0,0,b,1,2013,4,1,1
102577,2,2,2013-04-02,3643,507,1,0,0,1,2013,4,2,1
103692,2,3,2013-04-03,4250,600,1,0,0,1,2013,4,3,0
104807,2,4,2013-04-04,4114,542,1,0,0,1,2013,4,4,0
105922,2,5,2013-04-05,3872,470,1,0,0,1,2013,4,5,0
107037,2,6,2013-04-06,2461,315,1,0,0,0,2013,4,6,0
108152,2,7,2013-04-07,0,0,0,0,0,0,2013,4,7,0
109267,2,1,2013-04-08,6696,732,1,1,0,0,2013,4,8,1
110382,2,2,2013-04-09,6574,667,1,1,0,0,2013,4,9,0
111497,2,3,2013-04-10,6520,780,1,1,0,0,2013,4,10,0
112612,2,4,2013-04-11,5301,606,1,1,0,0,2013,4,11,0
113727,2,5,2013-04-12,4334,519,1,1,0,0,2013,4,12,0
114842,2,6,2013-04-13,2561,324,1,0,0,0,2013,4,13,0
115957,2,7,2013-04-14,0,0,0,0,0,0,2013,4,14,0
117072,2,1,2013-04-15,3850,548,1,0,0,0,2013,4,15,1
118187,2,2,2013-04-16,4059,542,1,0,0,0,2013,4,16,0
119302,2,3,2013-04-17,4776,683,1,0,0,0,2013,4,17,0
120417,2,4,2013-04-18,3516,517,1,0,0,0,2013,4,18,0
121532,2,5,2013-04-19,3525,466,1,0,0,0,2013,4,19,0
122647,2,6,2013-04-20,2701,341,1,0,0,0,2013,4,20,0
123762,2,7,2013-04-21,0,0,0,0,0,0,2013,4,21,0
124877,2,1,2013-04-22,6774,719,1,1,0,0,2013,4,22,1
125992,2,2,2013-04-23,5775,634,1,1,0,0,2013,4,23,0
127107,2,3,2013-04-24,6260,766,1,1,0,0,2013,4,24,0
128222,2,4,2013-04-25,4689,571,1,1,0,0,2013,4,25,0
129337,2,5,2013-04-26,4914,604,1,1,0,0,2013,4,26,0
130452,2,6,2013-04-27,2134,297,1,0,0,0,2013,4,27,0
131567,2,7,2013-04-28,0,0,0,0,0,0,2013,4,28,0
132682,2,1,2013-04-29,6707,744,1,1,0,0,2013,4,29,1
133797,2,2,2013-04-30,6872,708,1,1,0,0,2013,4,30,0
134912,2,3,2013-05-01,0,0,0,1,a,0,2013,5,1,0
136027,2,4,2013-05-02,6699,762,1,1,0,0,2013,5,2,1
137142,2,5,2013-05-03,5938,794,1,1,0,0,2013,5,3,0
138257,2,6,2013-05-04,2260,339,1,0,0,0,2013,5,4,0
139372,2,7,2013-05-05,0,0,0,0,0,0,2013,5,5,0
140487,2,1,2013-05-06,3840,511,1,0,0,0,2013,5,6,1
141602,2,2,2013-05-07,4131,542,1,0,0,0,2013,5,7,0
142717,2,3,2013-05-08,5605,752,1,0,0,0,2013,5,8,0
143832,2,4,2013-05-09,0,0,0,0,a,0,2013,5,9,0
144947,2,5,2013-05-10,4888,636,1,0,0,1,2013,5,10,1
146062,2,6,2013-05-11,2702,367,1,0,0,0,2013,5,11,0
147177,2,7,2013-05-12,0,0,0,0,0,0,2013,5,12,0
148292,2,1,2013-05-13,6604,739,1,1,0,0,2013,5,13,1
149407,2,2,2013-05-14,5913,672,1,1,0,0,2013,5,14,0
150522,2,3,2013-05-15,6263,807,1,1,0,0,2013,5,15,0
151637,2,4,2013-05-16,5317,635,1,1,0,0,2013,5,16,0
152752,2,5,2013-05-17,4582,541,1,1,0,0,2013,5,17,0
153867,2,6,2013-05-18,2343,325,1,0,0,0,2013,5,18,0
154982,2,7,2013-05-19,0,0,0,0,0,0,2013,5,19,0
156097,2,1,2013-05-20,0,0,0,0,a,0,2013,5,20,1
157212,2,2,2013-05-21,4548,622,1,0,0,0,2013,5,21,1
158327,2,3,2013-05-22,4663,609,1,0,0,0,2013,5,22,0
159442,2,4,2013-05-23,3916,553,1,0,0,0,2013,5,23,0
160557,2,5,2013-05-24,3778,534,1,0,0,0,2013,5,24,0
161672,2,6,2013-05-25,2823,453,1,0,0,0,2013,5,25,0
162787,2,7,2013-05-26,0,0,0,0,0,0,2013,5,26,0
163902,2,1,2013-05-27,6751,678,1,1,0,0,2013,5,27,1
165017,2,2,2013-05-28,5732,665,1,1,0,0,2013,5,28,0
166132,2,3,2013-05-29,5345,679,1,1,0,0,2013,5,29,0
167247,2,4,2013-05-30,5822,631,1,1,0,0,2013,5,30,0
168362,2,5,2013-05-31,5916,632,1,1,0,0,2013,5,31,0
169477,2,6,2013-06-01,2335,295,1,0,0,0,2013,6,1,0
170592,2,7,2013-06-02,0,0,0,0,0,0,2013,6,2,0
171707,2,1,2013-06-03,6959,753,1,1,0,0,2013,6,3,1
172822,2,2,2013-06-04,6280,709,1,1,0,0,2013,6,4,0
173937,2,3,2013-06-05,6682,823,1,1,0,0,2013,6,5,0
175052,2,4,2013-06-06,4776,580,1,1,0,0,2013,6,6,0
176167,2,5,2013-06-07,5237,587,1,1,0,0,2013,6,7,0
177282,2,6,2013-06-08,2246,306,1,0,0,0,2013,6,8,0
178397,2,7,2013-06-09,0,0,0,0,0,0,2013,6,9,0
179512,2,1,2013-06-10,3786,495,1,0,0,0,2013,6,10,1
180627,2,2,2013-06-11,4233,595,1,0,0,0,2013,6,11,0
181742,2,3,2013-06-12,4638,645,1,0,0,0,2013,6,12,0
182857,2,4,2013-06-13,3763,490,1,0,0,0,2013,6,13,0
183972,2,5,2013-06-14,4437,558,1,0,0,0,2013,6,14,0
185087,2,6,2013-06-15,2724,372,1,0,0,0,2013,6,15,0
186202,2,7,2013-06-16,0,0,0,0,0,0,2013,6,16,0
187317,2,1,2013-06-17,7259,743,1,1,0,0,2013,6,17,1
188432,2,2,2013-06-18,5309,611,1,1,0,0,2013,6,18,0
189547,2,3,2013-06-19,5708,734,1,1,0,0,2013,6,19,0
190662,2,4,2013-06-20,4683,547,1,1,0,0,2013,6,20,0
191777,2,5,2013-06-21,5333,626,1,1,0,0,2013,6,21,0
192892,2,6,2013-06-22,2566,361,1,0,0,0,2013,6,22,0
194007,2,7,2013-06-23,0,0,0,0,0,0,2013,6,23,0
195122,2,1,2013-06-24,4388,562,1,0,0,0,2013,6,24,1
196237,2,2,2013-06-25,3921,533,1,0,0,0,2013,6,25,0
197352,2,3,2013-06-26,4869,684,1,0,0,0,2013,6,26,0
198467,2,4,2013-06-27,4791,575,1,0,0,0,2013,6,27,0
199582,2,5,2013-06-28,5261,664,1,0,0,0,2013,6,28,0
200697,2,6,2013-06-29,3687,428,1,0,0,0,2013,6,29,0
201812,2,7,2013-06-30,0,0,0,0,0,0,2013,6,30,0
202927,2,1,2013-07-01,6336,715,1,1,0,0,2013,7,1,1
204042,2,2,2013-07-02,5862,728,1,1,0,0,2013,7,2,0
205157,2,3,2013-07-03,6527,811,1,1,0,0,2013,7,3,0
206272,2,4,2013-07-04,5820,788,1,1,0,0,2013,7,4,0
207387,2,5,2013-07-05,5288,1036,1,1,0,0,2013,7,5,0
208502,2,6,2013-07-06,4504,1164,1,0,0,0,2013,7,6,0
209617,2,7,2013-07-07,0,0,0,0,0,0,2013,7,7,0
210732,2,1,2013-07-08,4460,565,1,0,0,0,2013,7,8,1
211847,2,2,2013-07-09,4600,582,1,0,0,0,2013,7,9,0
212962,2,3,2013-07-10,5244,735,1,0,0,0,2013,7,10,0
214077,2,4,2013-07-11,4772,593,1,0,0,0,2013,7,11,0
215192,2,5,2013-07-12,4605,560,1,0,0,0,2013,7,12,0
216307,2,6,2013-07-13,2838,357,1,0,0,0,2013,7,13,0
217422,2,7,2013-07-14,0,0,0,0,0,0,2013,7,14,0
218537,2,1,2013-07-15,8528,804,1,1,0,1,2013,7,15,1
219652,2,2,2013-07-16,6670,705,1,1,0,1,2013,7,16,0
220767,2,3,2013-07-17,6219,804,1,1,0,1,2013,7,17,0
221882,2,4,2013-07-18,5907,659,1,1,0,1,2013,7,18,0
222997,2,5,2013-07-19,4885,601,1,1,0,1,2013,7,19,0
224112,2,6,2013-07-20,2670,326,1,0,0,0,2013,7,20,0
225227,2,7,2013-07-21,0,0,0,0,0,0,2013,7,21,0
226342,2,1,2013-07-22,3658,490,1,0,0,1,2013,7,22,1
227457,2,2,2013-07-23,3726,469,1,0,0,1,2013,7,23,0
228572,2,3,2013-07-24,4282,611,1,0,0,1,2013,7,24,0
229687,2,4,2013-07-25,3531,496,1,0,0,1,2013,7,25,0
230802,2,5,2013-07-26,3441,438,1,0,0,1,2013,7,26,0
231917,2,6,2013-07-27,2059,292,1,0,0,0,2013,7,27,0
233032,2,7,2013-07-28,0,0,0,0,0,0,2013,7,28,0
234147,2,1,2013-07-29,7249,717,1,1,0,1,2013,7,29,1
235262,2,2,2013-07-30,6802,702,1,1,0,1,2013,7,30,0
236377,2,3,2013-07-31,8295,942,1,1,0,1,2013,7,31,0
237492,2,4,2013-08-01,5640,643,1,1,0,1,2013,8,1,0
238607,2,5,2013-08-02,4776,545,1,1,0,1,2013,8,2,0
239722,2,6,2013-08-03,2641,353,1,0,0,0,2013,8,3,0
240837,2,7,2013-08-04,0,0,0,0,0,0,2013,8,4,0
241952,2,1,2013-08-05,4066,526,1,0,0,1,2013,8,5,1
243067,2,2,2013-08-06,3434,475,1,0,0,1,2013,8,6,0
244182,2,3,2013-08-07,4467,650,1,0,0,1,2013,8,7,0
245297,2,4,2013-08-08,3949,520,1,0,0,1,2013,8,8,0
246412,2,5,2013-08-09,3551,456,1,0,0,1,2013,8,9,0
247527,2,6,2013-08-10,2624,312,1,0,0,0,2013,8,10,0
248642,2,7,2013-08-11,0,0,0,0,0,0,2013,8,11,0
249757,2,1,2013-08-12,6518,725,1,1,0,1,2013,8,12,1
250872,2,2,2013-08-13,6154,640,1,1,0,1,2013,8,13,0
251987,2,3,2013-08-14,7229,860,1,1,0,1,2013,8,14,0
253102,2,4,2013-08-15,5186,619,1,1,0,1,2013,8,15,0
254217,2,5,2013-08-16,4895,571,1,1,0,1,2013,8,16,0
255332,2,6,2013-08-17,2731,353,1,0,0,0,2013,8,17,0
256447,2,7,2013-08-18,0,0,0,0,0,0,2013,8,18,0
257562,2,1,2013-08-19,3747,528,1,0,0,1,2013,8,19,1
258677,2,2,2013-08-20,3894,517,1,0,0,1,2013,8,20,0
259792,2,3,2013-08-21,4399,655,1,0,0,1,2013,8,21,0
260907,2,4,2013-08-22,3998,536,1,0,0,1,2013,8,22,0
262022,2,5,2013-08-23,3652,523,1,0,0,1,2013,8,23,0
263137,2,6,2013-08-24,2546,343,1,0,0,0,2013,8,24,0
264252,2,7,2013-08-25,0,0,0,0,0,0,2013,8,25,0
265367,2,1,2013-08-26,7453,752,1,1,0,0,2013,8,26,1
266482,2,2,2013-08-27,6529,717,1,1,0,0,2013,8,27,0
267597,2,3,2013-08-28,6474,811,1,1,0,0,2013,8,28,0
268712,2,4,2013-08-29,5527,635,1,1,0,0,2013,8,29,0
269827,2,5,2013-08-30,6280,702,1,1,0,0,2013,8,30,0
270942,2,6,2013-08-31,2803,348,1,0,0,0,2013,8,31,0
272057,2,7,2013-09-01,0,0,0,0,0,0,2013,9,1,0
273172,2,1,2013-09-02,4305,547,1,0,0,0,2013,9,2,1
274287,2,2,2013-09-03,4199,549,1,0,0,0,2013,9,3,0
275402,2,3,2013-09-04,4709,673,1,0,0,0,2013,9,4,0
276517,2,4,2013-09-05,3784,531,1,0,0,0,2013,9,5,0
277632,2,5,2013-09-06,3793,471,1,0,0,0,2013,9,6,0
278747,2,6,2013-09-07,2540,330,1,0,0,0,2013,9,7,0
279862,2,7,2013-09-08,0,0,0,0,0,0,2013,9,8,0
280977,2,1,2013-09-09,7005,726,1,1,0,0,2013,9,9,1
282092,2,2,2013-09-10,6578,707,1,1,0,0,2013,9,10,0
283207,2,3,2013-09-11,6537,791,1,1,0,0,2013,9,11,0
284322,2,4,2013-09-12,5558,618,1,1,0,0,2013,9,12,0
285437,2,5,2013-09-13,4954,550,1,1,0,0,2013,9,13,0
286552,2,6,2013-09-14,2841,352,1,0,0,0,2013,9,14,0
287667,2,7,2013-09-15,0,0,0,0,0,0,2013,9,15,0
288782,2,1,2013-09-16,3837,509,1,0,0,0,2013,9,16,1
289897,2,2,2013-09-17,3823,525,1,0,0,0,2013,9,17,0
291012,2,3,2013-09-18,4574,625,1,0,0,0,2013,9,18,0
292127,2,4,2013-09-19,3840,509,1,0,0,0,2013,9,19,0
293242,2,5,2013-09-20,3949,475,1,0,0,0,2013,9,20,0
294357,2,6,2013-09-21,2651,335,1,0,0,0,2013,9,21,0
295472,2,7,2013-09-22,0,0,0,0,0,0,2013,9,22,0
296587,2,1,2013-09-23,6802,677,1,1,0,0,2013,9,23,1
297702,2,2,2013-09-24,6387,670,1,1,0,0,2013,9,24,0
298817,2,3,2013-09-25,6708,858,1,1,0,0,2013,9,25,0
299932,2,4,2013-09-26,5795,629,1,1,0,0,2013,9,26,0
301047,2,5,2013-09-27,4874,547,1,1,0,0,2013,9,27,0
302162,2,6,2013-09-28,3428,383,1,0,0,0,2013,9,28,0
303277,2,7,2013-09-29,0,0,0,0,0,0,2013,9,29,0
304392,2,1,2013-09-30,5610,691,1,0,0,0,2013,9,30,1
305507,2,2,2013-10-01,3830,539,1,0,0,0,2013,10,1,0
306622,2,3,2013-10-02,5238,691,1,0,0,0,2013,10,2,0
307737,2,4,2013-10-03,2656,381,1,0,a,0,2013,10,3,0
308852,2,5,2013-10-04,4671,547,1,0,0,0,2013,10,4,0
309967,2,6,2013-10-05,2688,342,1,0,0,0,2013,10,5,0
311082,2,7,2013-10-06,0,0,0,0,0,0,2013,10,6,0
312197,2,1,2013-10-07,7368,737,1,1,0,0,2013,10,7,1
313312,2,2,2013-10-08,6282,691,1,1,0,0,2013,10,8,0
314427,2,3,2013-10-09,7006,826,1,1,0,0,2013,10,9,0
315542,2,4,2013-10-10,4972,555,1,1,0,0,2013,10,10,0
316657,2,5,2013-10-11,4923,547,1,1,0,0,2013,10,11,0
317772,2,6,2013-10-12,2914,344,1,0,0,0,2013,10,12,0
318887,2,7,2013-10-13,0,0,0,0,0,0,2013,10,13,0
320002,2,1,2013-10-14,4528,578,1,0,0,0,2013,10,14,1
321117,2,2,2013-10-15,3584,472,1,0,0,0,2013,10,15,0
322232,2,3,2013-10-16,5035,679,1,0,0,0,2013,10,16,0
323347,2,4,2013-10-17,3986,519,1,0,0,0,2013,10,17,0
324462,2,5,2013-10-18,4095,548,1,0,0,0,2013,10,18,0
325577,2,6,2013-10-19,2441,325,1,0,0,0,2013,10,19,0
326692,2,7,2013-10-20,0,0,0,0,0,0,2013,10,20,0
327807,2,1,2013-10-21,6538,730,1,1,0,1,2013,10,21,1
328922,2,2,2013-10-22,5450,582,1,1,0,1,2013,10,22,0
330037,2,3,2013-10-23,5896,754,1,1,0,1,2013,10,23,0
331152,2,4,2013-10-24,5015,604,1,1,0,1,2013,10,24,0
332267,2,5,2013-10-25,4524,531,1,1,0,1,2013,10,25,0
333382,2,6,2013-10-26,2517,348,1,0,0,0,2013,10,26,0
334497,2,7,2013-10-27,0,0,0,0,0,0,2013,10,27,0
335612,2,1,2013-10-28,3859,526,1,0,0,1,2013,10,28,1
336727,2,2,2013-10-29,4074,532,1,0,0,1,2013,10,29,0
337842,2,3,2013-10-30,6272,796,1,0,0,1,2013,10,30,0
338957,2,4,2013-10-31,0,0,0,0,a,1,2013,10,31,0
340072,2,5,2013-11-01,5507,664,1,0,0,1,2013,11,1,1
341187,2,6,2013-11-02,2688,355,1,0,0,0,2013,11,2,0
342302,2,7,2013-11-03,0,0,0,0,0,0,2013,11,3,0
343417,2,1,2013-11-04,7930,768,1,1,0,0,2013,11,4,1
344532,2,2,2013-11-05,6368,681,1,1,0,0,2013,11,5,0
345647,2,3,2013-11-06,6941,798,1,1,0,0,2013,11,6,0
346762,2,4,2013-11-07,5570,630,1,1,0,0,2013,11,7,0
347877,2,5,2013-11-08,5441,590,1,1,0,0,2013,11,8,0
348992,2,6,2013-11-09,3145,376,1,0,0,0,2013,11,9,0
350107,2,7,2013-11-10,0,0,0,0,0,0,2013,11,10,0
351222,2,1,2013-11-11,4017,509,1,0,0,0,2013,11,11,1
352337,2,2,2013-11-12,4116,537,1,0,0,0,2013,11,12,0
353452,2,3,2013-11-13,4980,668,1,0,0,0,2013,11,13,0
354567,2,4,2013-11-14,4388,541,1,0,0,0,2013,11,14,0
355682,2,5,2013-11-15,4042,505,1,0,0,0,2013,11,15,0
356797,2,6,2013-11-16,2829,359,1,0,0,0,2013,11,16,0
357912,2,7,2013-11-17,0,0,0,0,0,0,2013,11,17,0
359027,2,1,2013-11-18,7435,735,1,1,0,0,2013,11,18,1
360142,2,2,2013-11-19,6016,660,1,1,0,0,2013,11,19,0
361257,2,3,2013-11-20,6390,690,1,1,0,0,2013,11,20,0
362372,2,4,2013-11-21,5397,571,1,1,0,0,2013,11,21,0
363487,2,5,2013-11-22,4474,537,1,1,0,0,2013,11,22,0
364602,2,6,2013-11-23,2965,335,1,0,0,0,2013,11,23,0
365717,2,7,2013-11-24,0,0,0,0,0,0,2013,11,24,0
366832,2,1,2013-11-25,4669,556,1,0,0,0,2013,11,25,1
367947,2,2,2013-11-26,4303,543,1,0,0,0,2013,11,26,0
369062,2,3,2013-11-27,5498,694,1,0,0,0,2013,11,27,0
370177,2,4,2013-11-28,5149,579,1,0,0,0,2013,11,28,0
371292,2,5,2013-11-29,5027,587,1,0,0,0,2013,11,29,0
372407,2,6,2013-11-30,3343,365,1,0,0,0,2013,11,30,0
373522,2,7,2013-12-01,0,0,0,0,0,0,2013,12,1,0
374637,2,1,2013-12-02,8836,850,1,1,0,0,2013,12,2,1
375752,2,2,2013-12-03,8137,741,1,1,0,0,2013,12,3,0
376867,2,3,2013-12-04,8202,854,1,1,0,0,2013,12,4,0
377982,2,4,2013-12-05,7163,701,1,1,0,0,2013,12,5,0
379097,2,5,2013-12-06,4816,544,1,1,0,0,2013,12,6,0
380212,2,6,2013-12-07,2534,302,1,0,0,0,2013,12,7,0
381327,2,7,2013-12-08,0,0,0,0,0,0,2013,12,8,0
382442,2,1,2013-12-09,4392,587,1,0,0,0,2013,12,9,1
383557,2,2,2013-12-10,4994,629,1,0,0,0,2013,12,10,0
384672,2,3,2013-12-11,6052,732,1,0,0,0,2013,12,11,0
385787,2,4,2013-12-12,5232,591,1,0,0,0,2013,12,12,0
386902,2,5,2013-12-13,4808,546,1,0,0,0,2013,12,13,0
388017,2,6,2013-12-14,3236,353,1,0,0,0,2013,12,14,0
389132,2,7,2013-12-15,0,0,0,0,0,0,2013,12,15,0
390247,2,1,2013-12-16,10479,925,1,1,0,0,2013,12,16,1
391362,2,2,2013-12-17,10374,882,1,1,0,0,2013,12,17,0
392477,2,3,2013-12-18,10019,1011,1,1,0,0,2013,12,18,0
393592,2,4,2013-12-19,8559,823,1,1,0,0,2013,12,19,0
394707,2,5,2013-12-20,7574,801,1,1,0,0,2013,12,20,0
395822,2,6,2013-12-21,4941,539,1,0,0,0,2013,12,21,0
396937,2,7,2013-12-22,0,0,0,0,0,0,2013,12,22,0
398052,2,1,2013-12-23,8640,971,1,0,0,1,2013,12,23,1
399167,2,2,2013-12-24,2407,277,1,0,0,1,2013,12,24,0
400282,2,3,2013-12-25,0,0,0,0,c,1,2013,12,25,0
401397,2,4,2013-12-26,0,0,0,0,c,1,2013,12,26,1
402512,2,5,2013-12-27,5582,659,1,0,0,1,2013,12,27,1
403627,2,6,2013-12-28,3561,416,1,0,0,0,2013,12,28,0
404742,2,7,2013-12-29,0,0,0,0,0,0,2013,12,29,0
405857,2,1,2013-12-30,7528,852,1,0,0,1,2013,12,30,1
406972,2,2,2013-12-31,2148,268,1,0,0,1,2013,12,31,0
408087,2,3,2014-01-01,0,0,0,0,a,1,2014,1,1,0
409202,2,4,2014-01-02,3759,531,1,0,0,1,2014,1,2,1
410317,2,5,2014-01-03,4802,560,1,0,0,1,2014,1,3,0
411432,2,6,2014-01-04,2760,321,1,0,0,0,2014,1,4,0
412547,2,7,2014-01-05,0,0,0,0,0,0,2014,1,5,0
413662,2,1,2014-01-06,8317,823,1,1,0,0,2014,1,6,1
414777,2,2,2014-01-07,6567,727,1,1,0,0,2014,1,7,0
415892,2,3,2014-01-08,6597,796,1,1,0,0,2014,1,8,0
417007,2,4,2014-01-09,6081,643,1,1,0,0,2014,1,9,0
418122,2,5,2014-01-10,5146,628,1,1,0,0,2014,1,10,0
419237,2,6,2014-01-11,2872,358,1,0,0,0,2014,1,11,0
420352,2,7,2014-01-12,0,0,0,0,0,0,2014,1,12,0
421467,2,1,2014-01-13,4290,552,1,0,0,0,2014,1,13,1
422582,2,2,2014-01-14,4195,497,1,0,0,0,2014,1,14,0
423697,2,3,2014-01-15,4919,673,1,0,0,0,2014,1,15,0
424812,2,4,2014-01-16,3998,507,1,0,0,0,2014,1,16,0
425927,2,5,2014-01-17,3868,480,1,0,0,0,2014,1,17,0
427042,2,6,2014-01-18,2497,322,1,0,0,0,2014,1,18,0
428157,2,7,2014-01-19,0,0,0,0,0,0,2014,1,19,0
429272,2,1,2014-01-20,7082,739,1,1,0,0,2014,1,20,1
430387,2,2,2014-01-21,6564,691,1,1,0,0,2014,1,21,0
431502,2,3,2014-01-22,5451,680,1,1,0,0,2014,1,22,0
432617,2,4,2014-01-23,5010,531,1,1,0,0,2014,1,23,0
433732,2,5,2014-01-24,4701,531,1,1,0,0,2014,1,24,0
434847,2,6,2014-01-25,2274,290,1,0,0,0,2014,1,25,0
435962,2,7,2014-01-26,0,0,0,0,0,0,2014,1,26,0
437077,2,1,2014-01-27,3708,507,1,0,0,0,2014,1,27,1
438192,2,2,2014-01-28,3677,497,1,0,0,0,2014,1,28,0
439307,2,3,2014-01-29,4292,567,1,0,0,0,2014,1,29,0
440422,2,4,2014-01-30,4214,493,1,0,0,0,2014,1,30,0
441537,2,5,2014-01-31,4608,550,1,0,0,0,2014,1,31,0
442652,2,6,2014-02-01,2929,353,1,0,0,0,2014,2,1,0
443767,2,7,2014-02-02,0,0,0,0,0,0,2014,2,2,0
444882,2,1,2014-02-03,7372,791,1,1,0,0,2014,2,3,1
445997,2,2,2014-02-04,7036,671,1,1,0,0,2014,2,4,0
447112,2,3,2014-02-05,7198,820,1,1,0,0,2014,2,5,0
448227,2,4,2014-02-06,6012,670,1,1,0,0,2014,2,6,0
449342,2,5,2014-02-07,4848,565,1,1,0,0,2014,2,7,0
450457,2,6,2014-02-08,2484,331,1,0,0,0,2014,2,8,0
451572,2,7,2014-02-09,0,0,0,0,0,0,2014,2,9,0
452687,2,1,2014-02-10,4006,532,1,0,0,0,2014,2,10,1
453802,2,2,2014-02-11,4056,532,1,0,0,0,2014,2,11,0
454917,2,3,2014-02-12,4848,654,1,0,0,0,2014,2,12,0
456032,2,4,2014-02-13,4171,498,1,0,0,0,2014,2,13,0
457147,2,5,2014-02-14,4324,527,1,0,0,0,2014,2,14,0
458262,2,6,2014-02-15,2509,300,1,0,0,0,2014,2,15,0
459377,2,7,2014-02-16,0,0,0,0,0,0,2014,2,16,0
460492,2,1,2014-02-17,7584,761,1,1,0,1,2014,2,17,1
461607,2,2,2014-02-18,5979,644,1,1,0,1,2014,2,18,0
462722,2,3,2014-02-19,6419,774,1,1,0,1,2014,2,19,0
463837,2,4,2014-02-20,4961,584,1,1,0,1,2014,2,20,0
464952,2,5,2014-02-21,4790,527,1,1,0,1,2014,2,21,0
466067,2,6,2014-02-22,2563,316,1,0,0,0,2014,2,22,0
467182,2,7,2014-02-23,0,0,0,0,0,0,2014,2,23,0
468297,2,1,2014-02-24,3894,499,1,0,0,0,2014,2,24,1
469412,2,2,2014-02-25,3520,489,1,0,0,0,2014,2,25,0
470527,2,3,2014-02-26,4548,632,1,0,0,0,2014,2,26,0
471642,2,4,2014-02-27,3998,493,1,0,0,0,2014,2,27,0
472757,2,5,2014-02-28,4400,555,1,0,0,0,2014,2,28,0
473872,2,6,2014-03-01,3350,373,1,0,0,0,2014,3,1,0
474987,2,7,2014-03-02,0,0,0,0,0,0,2014,3,2,0
476102,2,1,2014-03-03,7332,760,1,1,0,0,2014,3,3,1
477217,2,2,2014-03-04,6006,630,1,1,0,0,2014,3,4,0
478332,2,3,2014-03-05,6740,802,1,1,0,0,2014,3,5,0
479447,2,4,2014-03-06,5173,611,1,1,0,0,2014,3,6,0
480562,2,5,2014-03-07,5275,593,1,1,0,0,2014,3,7,0
481677,2,6,2014-03-08,2863,353,1,0,0,0,2014,3,8,0
482792,2,7,2014-03-09,0,0,0,0,0,0,2014,3,9,0
483907,2,1,2014-03-10,3799,516,1,0,0,0,2014,3,10,1
485022,2,2,2014-03-11,3575,501,1,0,0,0,2014,3,11,0
486137,2,3,2014-03-12,4581,658,1,0,0,0,2014,3,12,0
487252,2,4,2014-03-13,4172,551,1,0,0,0,2014,3,13,0
488367,2,5,2014-03-14,3321,430,1,0,0,0,2014,3,14,0
489482,2,6,2014-03-15,2678,333,1,0,0,0,2014,3,15,0
490597,2,7,2014-03-16,0,0,0,0,0,0,2014,3,16,0
491712,2,1,2014-03-17,7054,743,1,1,0,0,2014,3,17,1
492827,2,2,2014-03-18,5805,644,1,1,0,0,2014,3,18,0
493942,2,3,2014-03-19,6275,747,1,1,0,0,2014,3,19,0
495057,2,4,2014-03-20,4950,574,1,1,0,0,2014,3,20,0
496172,2,5,2014-03-21,4993,551,1,1,0,0,2014,3,21,0
497287,2,6,2014-03-22,2569,314,1,0,0,0,2014,3,22,0
498402,2,7,2014-03-23,0,0,0,0,0,0,2014,3,23,0
499517,2,1,2014-03-24,3893,523,1,0,0,0,2014,3,24,1
500632,2,2,2014-03-25,4086,503,1,0,0,0,2014,3,25,0
501747,2,3,2014-03-26,5059,682,1,0,0,0,2014,3,26,0
502862,2,4,2014-03-27,4350,523,1,0,0,0,2014,3,27,0
503977,2,5,2014-03-28,4409,489,1,0,0,0,2014,3,28,0
505092,2,6,2014-03-29,2815,328,1,0,0,0,2014,3,29,0
506207,2,7,2014-03-30,0,0,0,0,0,0,2014,3,30,0
507322,2,1,2014-03-31,9908,963,1,1,0,0,2014,3,31,1
508437,2,2,2014-04-01,4862,587,1,1,0,0,2014,4,1,0
509552,2,3,2014-04-02,7013,825,1,1,0,0,2014,4,2,0
510667,2,4,2014-04-03,5078,581,1,1,0,0,2014,4,3,0
511782,2,5,2014-04-04,5016,566,1,1,0,0,2014,4,4,0
512897,2,6,2014-04-05,2655,330,1,0,0,0,2014,4,5,0
514012,2,7,2014-04-06,0,0,0,0,0,0,2014,4,6,0
515127,2,1,2014-04-07,3941,528,1,0,0,0,2014,4,7,1
516242,2,2,2014-04-08,4475,519,1,0,0,0,2014,4,8,0
517357,2,3,2014-04-09,5142,706,1,0,0,0,2014,4,9,0
518472,2,4,2014-04-10,3691,471,1,0,0,0,2014,4,10,0
519587,2,5,2014-04-11,4701,516,1,0,0,0,2014,4,11,0
520702,2,6,2014-04-12,2574,328,1,0,0,0,2014,4,12,0
521817,2,7,2014-04-13,0,0,0,0,0,0,2014,4,13,0
522932,2,1,2014-04-14,7714,758,1,1,0,0,2014,4,14,1
524047,2,2,2014-04-15,7701,747,1,1,0,0,2014,4,15,0
525162,2,3,2014-04-16,7317,876,1,1,0,0,2014,4,16,0
526277,2,4,2014-04-17,6647,737,1,1,0,0,2014,4,17,0
527392,2,5,2014-04-18,0,0,0,1,b,0,2014,4,18,0
528507,2,6,2014-04-19,4146,465,1,0,0,0,2014,4,19,1
529622,2,7,2014-04-20,0,0,0,0,0,0,2014,4,20,0
530737,2,1,2014-04-21,0,0,0,0,b,1,2014,4,21,1
531852,2,2,2014-04-22,4419,573,1,0,0,1,2014,4,22,1
532967,2,3,2014-04-23,4757,655,1,0,0,1,2014,4,23,0
534082,2,4,2014-04-24,3675,515,1,0,0,1,2014,4,24,0
535197,2,5,2014-04-25,3795,489,1,0,0,1,2014,4,25,0
536312,2,6,2014-04-26,2701,335,1,0,0,0,2014,4,26,0
537427,2,7,2014-04-27,0,0,0,0,0,0,2014,4,27,0
538542,2,1,2014-04-28,6520,667,1,1,0,1,2014,4,28,1
539657,2,2,2014-04-29,6667,707,1,1,0,1,2014,4,29,0
540772,2,3,2014-04-30,7646,943,1,1,0,1,2014,4,30,0
541887,2,4,2014-05-01,0,0,0,1,a,1,2014,5,1,0
543002,2,5,2014-05-02,7176,743,1,1,0,1,2014,5,2,1
544117,2,6,2014-05-03,2968,369,1,0,0,0,2014,5,3,0
545232,2,7,2014-05-04,0,0,0,0,0,0,2014,5,4,0
546347,2,1,2014-05-05,7242,751,1,1,0,0,2014,5,5,1
547462,2,2,2014-05-06,5992,628,1,1,0,0,2014,5,6,0
548577,2,3,2014-05-07,6733,780,1,1,0,0,2014,5,7,0
549692,2,4,2014-05-08,5151,626,1,1,0,0,2014,5,8,0
550807,2,5,2014-05-09,5979,743,1,1,0,0,2014,5,9,0
551922,2,6,2014-05-10,2430,316,1,0,0,0,2014,5,10,0
553037,2,7,2014-05-11,0,0,0,0,0,0,2014,5,11,0
554152,2,1,2014-05-12,3860,546,1,0,0,0,2014,5,12,1
555267,2,2,2014-05-13,3974,530,1,0,0,0,2014,5,13,0
556382,2,3,2014-05-14,4700,664,1,0,0,0,2014,5,14,0
557497,2,4,2014-05-15,4108,518,1,0,0,0,2014,5,15,0
558612,2,5,2014-05-16,3779,528,1,0,0,0,2014,5,16,0
559727,2,6,2014-05-17,2532,352,1,0,0,0,2014,5,17,0
560842,2,7,2014-05-18,0,0,0,0,0,0,2014,5,18,0
561957,2,1,2014-05-19,6996,734,1,1,0,0,2014,5,19,1
563072,2,2,2014-05-20,5155,629,1,1,0,0,2014,5,20,0
564187,2,3,2014-05-21,5584,753,1,1,0,0,2014,5,21,0
565302,2,4,2014-05-22,4887,582,1,1,0,0,2014,5,22,0
566417,2,5,2014-05-23,4802,555,1,1,0,0,2014,5,23,0
567532,2,6,2014-05-24,2516,334,1,0,0,0,2014,5,24,0
568647,2,7,2014-05-25,0,0,0,0,0,0,2014,5,25,0
569762,2,1,2014-05-26,4173,547,1,0,0,0,2014,5,26,1
570877,2,2,2014-05-27,4042,513,1,0,0,0,2014,5,27,0
571992,2,3,2014-05-28,5203,652,1,0,0,0,2014,5,28,0
573107,2,4,2014-05-29,0,0,0,0,a,0,2014,5,29,0
574222,2,5,2014-05-30,5694,743,1,0,0,1,2014,5,30,1
575337,2,6,2014-05-31,2953,485,1,0,0,0,2014,5,31,0
576452,2,7,2014-06-01,0,0,0,0,0,0,2014,6,1,0
577567,2,1,2014-06-02,7320,775,1,1,0,0,2014,6,2,1
578682,2,2,2014-06-03,5619,641,1,1,0,0,2014,6,3,0
579797,2,3,2014-06-04,7006,877,1,1,0,0,2014,6,4,0
580912,2,4,2014-06-05,5957,657,1,1,0,0,2014,6,5,0
582027,2,5,2014-06-06,5064,602,1,1,0,0,2014,6,6,0
583142,2,6,2014-06-07,2893,384,1,0,0,0,2014,6,7,0
584257,2,7,2014-06-08,0,0,0,0,0,0,2014,6,8,0
585372,2,1,2014-06-09,0,0,0,0,a,0,2014,6,9,1
586487,2,2,2014-06-10,4403,526,1,0,0,0,2014,6,10,1
587602,2,3,2014-06-11,4976,670,1,0,0,0,2014,6,11,0
588717,2,4,2014-06-12,5187,632,1,0,0,0,2014,6,12,0
589832,2,5,2014-06-13,4568,544,1,0,0,0,2014,6,13,0
590947,2,6,2014-06-14,2897,337,1,0,0,0,2014,6,14,0
592062,2,7,2014-06-15,0,0,0,0,0,0,2014,6,15,0
593177,2,1,2014-06-16,7394,748,1,1,0,0,2014,6,16,1
594292,2,2,2014-06-17,5830,625,1,1,0,0,2014,6,17,0
595407,2,3,2014-06-18,6300,775,1,1,0,0,2014,6,18,0
596522,2,4,2014-06-19,5451,617,1,1,0,0,2014,6,19,0
597637,2,5,2014-06-20,4572,538,1,1,0,0,2014,6,20,0
598752,2,6,2014-06-21,2514,324,1,0,0,0,2014,6,21,0
599867,2,7,2014-06-22,0,0,0,0,0,0,2014,6,22,0
600982,2,1,2014-06-23,4066,559,1,0,0,0,2014,6,23,1
602097,2,2,2014-06-24,3787,496,1,0,0,0,2014,6,24,0
603212,2,3,2014-06-25,4767,613,1,0,0,0,2014,6,25,0
604327,2,4,2014-06-26,4215,542,1,0,0,0,2014,6,26,0
605442,2,5,2014-06-27,4646,552,1,0,0,0,2014,6,27,0
606557,2,6,2014-06-28,2644,340,1,0,0,0,2014,6,28,0
607672,2,7,2014-06-29,0,0,0,0,0,0,2014,6,29,0
608787,2,1,2014-06-30,10682,1021,1,1,0,0,2014,6,30,1
609722,2,2,2014-07-01,5454,646,1,1,0,0,2014,7,1,0
610657,2,3,2014-07-02,6623,821,1,1,0,0,2014,7,2,0
611592,2,4,2014-07-03,5824,888,1,1,0,0,2014,7,3,0
612527,2,5,2014-07-04,5200,1133,1,1,0,0,2014,7,4,0
613462,2,6,2014-07-05,4043,1013,1,0,0,0,2014,7,5,0
614397,2,7,2014-07-06,0,0,0,0,0,0,2014,7,6,0
615332,2,1,2014-07-07,3981,522,1,0,0,0,2014,7,7,1
616267,2,2,2014-07-08,4009,538,1,0,0,0,2014,7,8,0
617202,2,3,2014-07-09,4602,568,1,0,0,0,2014,7,9,0
618137,2,4,2014-07-10,4557,507,1,0,0,0,2014,7,10,0
619072,2,5,2014-07-11,3402,494,1,0,0,0,2014,7,11,0
620007,2,6,2014-07-12,2806,340,1,0,0,0,2014,7,12,0
620942,2,7,2014-07-13,0,0,0,0,0,0,2014,7,13,0
621877,2,1,2014-07-14,7014,714,1,1,0,0,2014,7,14,1
622812,2,2,2014-07-15,6361,692,1,1,0,0,2014,7,15,0
623747,2,3,2014-07-16,7113,869,1,1,0,0,2014,7,16,0
624682,2,4,2014-07-17,5315,600,1,1,0,0,2014,7,17,0
625617,2,5,2014-07-18,4971,550,1,1,0,0,2014,7,18,0
626552,2,6,2014-07-19,3009,339,1,0,0,0,2014,7,19,0
627487,2,7,2014-07-20,0,0,0,0,0,0,2014,7,20,0
628422,2,1,2014-07-21,3802,494,1,0,0,1,2014,7,21,1
629357,2,2,2014-07-22,4509,566,1,0,0,1,2014,7,22,0
630292,2,3,2014-07-23,5152,705,1,0,0,1,2014,7,23,0
631227,2,4,2014-07-24,3886,510,1,0,0,1,2014,7,24,0
632162,2,5,2014-07-25,3956,500,1,0,0,1,2014,7,25,0
633097,2,6,2014-07-26,2243,316,1,0,0,0,2014,7,26,0
634032,2,7,2014-07-27,0,0,0,0,0,0,2014,7,27,0
634967,2,1,2014-07-28,6494,641,1,1,0,1,2014,7,28,1
635902,2,2,2014-07-29,5274,561,1,1,0,1,2014,7,29,0
636837,2,3,2014-07-30,6308,768,1,1,0,1,2014,7,30,0
637772,2,4,2014-07-31,6301,703,1,1,0,1,2014,7,31,0
638707,2,5,2014-08-01,5434,620,1,1,0,1,2014,8,1,0
639642,2,6,2014-08-02,3354,451,1,0,0,0,2014,8,2,0
640577,2,7,2014-08-03,0,0,0,0,0,0,2014,8,3,0
641512,2,1,2014-08-04,6315,668,1,1,0,1,2014,8,4,1
642447,2,2,2014-08-05,5811,621,1,1,0,1,2014,8,5,0
643382,2,3,2014-08-06,6331,767,1,1,0,1,2014,8,6,0
644317,2,4,2014-08-07,4809,563,1,1,0,1,2014,8,7,0
645252,2,5,2014-08-08,4597,498,1,1,0,1,2014,8,8,0
646187,2,6,2014-08-09,2592,344,1,0,0,0,2014,8,9,0
647122,2,7,2014-08-10,0,0,0,0,0,0,2014,8,10,0
648057,2,1,2014-08-11,4158,554,1,0,0,1,2014,8,11,1
648992,2,2,2014-08-12,4319,535,1,0,0,1,2014,8,12,0
649927,2,3,2014-08-13,5010,670,1,0,0,1,2014,8,13,0
650862,2,4,2014-08-14,4606,564,1,0,0,1,2014,8,14,0
651797,2,5,2014-08-15,4218,498,1,0,0,1,2014,8,15,0
652732,2,6,2014-08-16,2847,336,1,0,0,0,2014,8,16,0
653667,2,7,2014-08-17,0,0,0,0,0,0,2014,8,17,0
654602,2,1,2014-08-18,6355,688,1,1,0,1,2014,8,18,1
655537,2,2,2014-08-19,6000,647,1,1,0,1,2014,8,19,0
656472,2,3,2014-08-20,7056,850,1,1,0,1,2014,8,20,0
657407,2,4,2014-08-21,5626,615,1,1,0,1,2014,8,21,0
658342,2,5,2014-08-22,5064,586,1,1,0,1,2014,8,22,0
659277,2,6,2014-08-23,2738,341,1,0,0,0,2014,8,23,0
660212,2,7,2014-08-24,0,0,0,0,0,0,2014,8,24,0
661147,2,1,2014-08-25,3927,538,1,0,0,1,2014,8,25,1
662082,2,2,2014-08-26,3647,462,1,0,0,1,2014,8,26,0
663017,2,3,2014-08-27,5127,699,1,0,0,1,2014,8,27,0
663952,2,4,2014-08-28,3717,524,1,0,0,1,2014,8,28,0
664887,2,5,2014-08-29,4318,537,1,0,0,1,2014,8,29,0
665822,2,6,2014-08-30,2976,376,1,0,0,0,2014,8,30,0
666757,2,7,2014-08-31,0,0,0,0,0,0,2014,8,31,0
667692,2,1,2014-09-01,8173,805,1,1,0,0,2014,9,1,1
668627,2,2,2014-09-02,6422,645,1,1,0,0,2014,9,2,0
669562,2,3,2014-09-03,6615,754,1,1,0,0,2014,9,3,0
670497,2,4,2014-09-04,5401,635,1,1,0,0,2014,9,4,0
671432,2,5,2014-09-05,4823,578,1,1,0,0,2014,9,5,0
672367,2,6,2014-09-06,2551,329,1,0,0,0,2014,9,6,0
673302,2,7,2014-09-07,0,0,0,0,0,0,2014,9,7,0
674237,2,1,2014-09-08,4189,564,1,0,0,0,2014,9,8,1
675172,2,2,2014-09-09,4963,589,1,0,0,0,2014,9,9,0
676107,2,3,2014-09-10,4865,646,1,0,0,0,2014,9,10,0
677042,2,4,2014-09-11,4123,477,1,0,0,0,2014,9,11,0
677977,2,5,2014-09-12,3323,435,1,0,0,0,2014,9,12,0
678912,2,6,2014-09-13,2593,318,1,0,0,0,2014,9,13,0
679847,2,7,2014-09-14,0,0,0,0,0,0,2014,9,14,0
680782,2,1,2014-09-15,6997,735,1,1,0,0,2014,9,15,1
681717,2,2,2014-09-16,6207,663,1,1,0,0,2014,9,16,0
682652,2,3,2014-09-17,6469,762,1,1,0,0,2014,9,17,0
683587,2,4,2014-09-18,4994,556,1,1,0,0,2014,9,18,0
684522,2,5,2014-09-19,4491,547,1,1,0,0,2014,9,19,0
685457,2,6,2014-09-20,2473,306,1,0,0,0,2014,9,20,0
686392,2,7,2014-09-21,0,0,0,0,0,0,2014,9,21,0
687327,2,1,2014-09-22,4004,501,1,0,0,0,2014,9,22,1
688262,2,2,2014-09-23,3874,510,1,0,0,0,2014,9,23,0
689197,2,3,2014-09-24,5084,694,1,0,0,0,2014,9,24,0
690132,2,4,2014-09-25,3911,504,1,0,0,0,2014,9,25,0
691067,2,5,2014-09-26,3583,443,1,0,0,0,2014,9,26,0
692002,2,6,2014-09-27,2725,354,1,0,0,0,2014,9,27,0
692937,2,7,2014-09-28,0,0,0,0,0,0,2014,9,28,0
693872,2,1,2014-09-29,7514,750,1,1,0,0,2014,9,29,1
694807,2,2,2014-09-30,8461,839,1,1,0,0,2014,9,30,0
695742,2,3,2014-10-01,5565,695,1,1,0,0,2014,10,1,0
696677,2,4,2014-10-02,4845,630,1,1,0,0,2014,10,2,0
697612,2,5,2014-10-03,2689,389,1,1,a,0,2014,10,3,0
698547,2,6,2014-10-04,2979,377,1,0,0,0,2014,10,4,0
699482,2,7,2014-10-05,0,0,0,0,0,0,2014,10,5,0
700417,2,1,2014-10-06,7562,748,1,1,0,1,2014,10,6,1
701352,2,2,2014-10-07,5808,646,1,1,0,1,2014,10,7,0
702287,2,3,2014-10-08,6252,736,1,1,0,1,2014,10,8,0
703222,2,4,2014-10-09,5283,614,1,1,0,1,2014,10,9,0
704157,2,5,2014-10-10,4907,529,1,1,0,1,2014,10,10,0
705092,2,6,2014-10-11,2497,322,1,0,0,0,2014,10,11,0
706027,2,7,2014-10-12,0,0,0,0,0,0,2014,10,12,0
706962,2,1,2014-10-13,4377,569,1,0,0,1,2014,10,13,1
707897,2,2,2014-10-14,3982,516,1,0,0,1,2014,10,14,0
708832,2,3,2014-10-15,4732,670,1,0,0,1,2014,10,15,0
709767,2,4,2014-10-16,4288,522,1,0,0,1,2014,10,16,0
710702,2,5,2014-10-17,3852,501,1,0,0,1,2014,10,17,0
711637,2,6,2014-10-18,2613,330,1,0,0,0,2014,10,18,0
712572,2,7,2014-10-19,0,0,0,0,0,0,2014,10,19,0
713507,2,1,2014-10-20,6631,684,1,1,0,0,2014,10,20,1
714442,2,2,2014-10-21,5382,593,1,1,0,0,2014,10,21,0
715377,2,3,2014-10-22,5261,600,1,1,0,0,2014,10,22,0
716312,2,4,2014-10-23,5729,628,1,1,0,0,2014,10,23,0
717247,2,5,2014-10-24,5096,578,1,1,0,0,2014,10,24,0
718182,2,6,2014-10-25,2542,331,1,0,0,0,2014,10,25,0
719117,2,7,2014-10-26,0,0,0,0,0,0,2014,10,26,0
720052,2,1,2014-10-27,4296,573,1,0,0,0,2014,10,27,1
720987,2,2,2014-10-28,3849,523,1,0,0,0,2014,10,28,0
721922,2,3,2014-10-29,4986,668,1,0,0,0,2014,10,29,0
722857,2,4,2014-10-30,5394,653,1,0,0,0,2014,10,30,0
723792,2,5,2014-10-31,0,0,0,0,a,0,2014,10,31,0
724727,2,6,2014-11-01,3305,448,1,0,0,0,2014,11,1,1
725662,2,7,2014-11-02,0,0,0,0,0,0,2014,11,2,0
726597,2,1,2014-11-03,7549,783,1,1,0,0,2014,11,3,1
727532,2,2,2014-11-04,7015,724,1,1,0,0,2014,11,4,0
728467,2,3,2014-11-05,7142,797,1,1,0,0,2014,11,5,0
729402,2,4,2014-11-06,6307,630,1,1,0,0,2014,11,6,0
730337,2,5,2014-11-07,5445,590,1,1,0,0,2014,11,7,0
731272,2,6,2014-11-08,3311,368,1,0,0,0,2014,11,8,0
732207,2,7,2014-11-09,0,0,0,0,0,0,2014,11,9,0
733142,2,1,2014-11-10,6423,690,1,1,0,0,2014,11,10,1
734077,2,2,2014-11-11,5651,601,1,1,0,0,2014,11,11,0
735012,2,3,2014-11-12,6818,776,1,1,0,0,2014,11,12,0
735947,2,4,2014-11-13,5009,624,1,1,0,0,2014,11,13,0
736882,2,5,2014-11-14,4655,560,1,1,0,0,2014,11,14,0
737817,2,6,2014-11-15,2979,373,1,0,0,0,2014,11,15,0
738752,2,7,2014-11-16,0,0,0,0,0,0,2014,11,16,0
739687,2,1,2014-11-17,4157,552,1,0,0,0,2014,11,17,1
740622,2,2,2014-11-18,3468,411,1,0,0,0,2014,11,18,0
741557,2,3,2014-11-19,5091,674,1,0,0,0,2014,11,19,0
742492,2,4,2014-11-20,4527,535,1,0,0,0,2014,11,20,0
743427,2,5,2014-11-21,3978,472,1,0,0,0,2014,11,21,0
744362,2,6,2014-11-22,3085,367,1,0,0,0,2014,11,22,0
745297,2,7,2014-11-23,0,0,0,0,0,0,2014,11,23,0
746232,2,1,2014-11-24,7038,696,1,1,0,0,2014,11,24,1
747167,2,2,2014-11-25,6511,632,1,1,0,0,2014,11,25,0
748102,2,3,2014-11-26,7588,828,1,1,0,0,2014,11,26,0
749037,2,4,2014-11-27,6119,644,1,1,0,0,2014,11,27,0
749972,2,5,2014-11-28,6062,608,1,1,0,0,2014,11,28,0
750907,2,6,2014-11-29,3424,372,1,0,0,0,2014,11,29,0
751842,2,7,2014-11-30,0,0,0,0,0,0,2014,11,30,0
752777,2,1,2014-12-01,8674,783,1,1,0,0,2014,12,1,1
753712,2,2,2014-12-02,7664,751,1,1,0,0,2014,12,2,0
754647,2,3,2014-12-03,7533,769,1,1,0,0,2014,12,3,0
755582,2,4,2014-12-04,6661,670,1,1,0,0,2014,12,4,0
756517,2,5,2014-12-05,6385,676,1,1,0,0,2014,12,5,0
757452,2,6,2014-12-06,2914,386,1,0,0,0,2014,12,6,0
758387,2,7,2014-12-07,0,0,0,0,0,0,2014,12,7,0
759322,2,1,2014-12-08,4821,616,1,0,0,0,2014,12,8,1
760257,2,2,2014-12-09,5264,596,1,0,0,0,2014,12,9,0
761192,2,3,2014-12-10,5830,717,1,0,0,0,2014,12,10,0
762127,2,4,2014-12-11,4629,539,1,0,0,0,2014,12,11,0
763062,2,5,2014-12-12,4407,497,1,0,0,0,2014,12,12,0
763997,2,6,2014-12-13,3375,350,1,0,0,0,2014,12,13,0
764932,2,7,2014-12-14,0,0,0,0,0,0,2014,12,14,0
765867,2,1,2014-12-15,10419,909,1,1,0,0,2014,12,15,1
766802,2,2,2014-12-16,9499,866,1,1,0,0,2014,12,16,0
767737,2,3,2014-12-17,9365,909,1,1,0,0,2014,12,17,0
768672,2,4,2014-12-18,8117,777,1,1,0,0,2014,12,18,0
769607,2,5,2014-12-19,7574,718,1,1,0,0,2014,12,19,0
770542,2,6,2014-12-20,4553,495,1,0,0,0,2014,12,20,0
771477,2,7,2014-12-21,0,0,0,0,0,0,2014,12,21,0
772412,2,1,2014-12-22,9027,924,1,0,0,1,2014,12,22,1
773347,2,2,2014-12-23,7557,816,1,0,0,1,2014,12,23,0
774282,2,3,2014-12-24,2437,274,1,0,0,1,2014,12,24,0
775217,2,4,2014-12-25,0,0,0,0,c,1,2014,12,25,0
776152,2,5,2014-12-26,0,0,0,0,c,1,2014,12,26,1
777087,2,6,2014-12-27,3934,457,1,0,0,0,2014,12,27,1
778022,2,7,2014-12-28,0,0,0,0,0,0,2014,12,28,0
778957,2,1,2014-12-29,5999,662,1,0,0,1,2014,12,29,1
779892,2,2,2014-12-30,5513,632,1,0,0,1,2014,12,30,0
780827,2,3,2014-12-31,2269,252,1,0,0,1,2014,12,31,0
781942,2,4,2015-01-01,0,0,0,0,0,1,2015,1,1,0
783057,2,5,2015-01-02,4137,543,1,0,0,1,2015,1,2,1
784172,2,6,2015-01-03,3132,350,1,0,0,0,2015,1,3,0
785287,2,7,2015-01-04,0,0,0,0,0,0,2015,1,4,0
786402,2,1,2015-01-05,7308,755,1,1,0,0,2015,1,5,1
787517,2,2,2015-01-06,6696,727,1,1,0,0,2015,1,6,0
788632,2,3,2015-01-07,5945,670,1,1,0,0,2015,1,7,0
789747,2,4,2015-01-08,5246,567,1,1,0,0,2015,1,8,0
790862,2,5,2015-01-09,4762,524,1,1,0,0,2015,1,9,0
791977,2,6,2015-01-10,3024,346,1,0,0,0,2015,1,10,0
793092,2,7,2015-01-11,0,0,0,0,0,0,2015,1,11,0
794207,2,1,2015-01-12,7237,689,1,1,0,0,2015,1,12,1
795322,2,2,2015-01-13,6444,695,1,1,0,0,2015,1,13,0
796437,2,3,2015-01-14,6366,700,1,1,0,0,2015,1,14,0
797552,2,4,2015-01-15,5810,632,1,1,0,0,2015,1,15,0
798667,2,5,2015-01-16,5456,573,1,1,0,0,2015,1,16,0
799782,2,6,2015-01-17,2883,340,1,0,0,0,2015,1,17,0
800897,2,7,2015-01-18,0,0,0,0,0,0,2015,1,18,0
802012,2,1,2015-01-19,4082,528,1,0,0,0,2015,1,19,1
803127,2,2,2015-01-20,3955,491,1,0,0,0,2015,1,20,0
804242,2,3,2015-01-21,4524,606,1,0,0,0,2015,1,21,0
805357,2,4,2015-01-22,3728,484,1,0,0,0,2015,1,22,0
806472,2,5,2015-01-23,3206,418,1,0,0,0,2015,1,23,0
807587,2,6,2015-01-24,2575,326,1,0,0,0,2015,1,24,0
808702,2,7,2015-01-25,0,0,0,0,0,0,2015,1,25,0
809817,2,1,2015-01-26,5931,638,1,1,0,0,2015,1,26,1
810932,2,2,2015-01-27,5258,575,1,1,0,0,2015,1,27,0
812047,2,3,2015-01-28,6032,720,1,1,0,0,2015,1,28,0
813162,2,4,2015-01-29,4775,539,1,1,0,0,2015,1,29,0
814277,2,5,2015-01-30,5919,624,1,1,0,0,2015,1,30,0
815392,2,6,2015-01-31,3067,323,1,0,0,0,2015,1,31,0
816507,2,7,2015-02-01,0,0,0,0,0,0,2015,2,1,0
817622,2,1,2015-02-02,8155,808,1,1,0,1,2015,2,2,1
818737,2,2,2015-02-03,6837,684,1,1,0,1,2015,2,3,0
819852,2,3,2015-02-04,6405,721,1,1,0,1,2015,2,4,0
820967,2,4,2015-02-05,5275,603,1,1,0,1,2015,2,5,0
822082,2,5,2015-02-06,5260,550,1,1,0,1,2015,2,6,0
823197,2,6,2015-02-07,2335,306,1,0,0,0,2015,2,7,0
824312,2,7,2015-02-08,0,0,0,0,0,0,2015,2,8,0
825427,2,1,2015-02-09,3678,491,1,0,0,0,2015,2,9,1
826542,2,2,2015-02-10,4653,567,1,0,0,0,2015,2,10,0
827657,2,3,2015-02-11,4773,641,1,0,0,0,2015,2,11,0
828772,2,4,2015-02-12,3765,485,1,0,0,0,2015,2,12,0
829887,2,5,2015-02-13,3647,499,1,0,0,0,2015,2,13,0
831002,2,6,2015-02-14,2809,351,1,0,0,0,2015,2,14,0
832117,2,7,2015-02-15,0,0,0,0,0,0,2015,2,15,0
833232,2,1,2015-02-16,7478,703,1,1,0,0,2015,2,16,1
834347,2,2,2015-02-17,6113,623,1,1,0,0,2015,2,17,0
835462,2,3,2015-02-18,6178,758,1,1,0,0,2015,2,18,0
836577,2,4,2015-02-19,5842,627,1,1,0,0,2015,2,19,0
837692,2,5,2015-02-20,4727,544,1,1,0,0,2015,2,20,0
838807,2,6,2015-02-21,3005,355,1,0,0,0,2015,2,21,0
839922,2,7,2015-02-22,0,0,0,0,0,0,2015,2,22,0
841037,2,1,2015-02-23,3633,481,1,0,0,0,2015,2,23,1
842152,2,2,2015-02-24,3755,498,1,0,0,0,2015,2,24,0
843267,2,3,2015-02-25,4666,653,1,0,0,0,2015,2,25,0
844382,2,4,2015-02-26,4035,509,1,0,0,0,2015,2,26,0
845497,2,5,2015-02-27,4022,517,1,0,0,0,2015,2,27,0
846612,2,6,2015-02-28,3032,378,1,0,0,0,2015,2,28,0
847727,2,7,2015-03-01,0,0,0,0,0,0,2015,3,1,0
848842,2,1,2015-03-02,7161,739,1,1,0,0,2015,3,2,1
849957,2,2,2015-03-03,6610,697,1,1,0,0,2015,3,3,0
851072,2,3,2015-03-04,6478,764,1,1,0,0,2015,3,4,0
852187,2,4,2015-03-05,5532,634,1,1,0,0,2015,3,5,0
853302,2,5,2015-03-06,4823,550,1,1,0,0,2015,3,6,0
854417,2,6,2015-03-07,3211,367,1,0,0,0,2015,3,7,0
855532,2,7,2015-03-08,0,0,0,0,0,0,2015,3,8,0
856647,2,1,2015-03-09,3967,532,1,0,0,0,2015,3,9,1
857762,2,2,2015-03-10,4095,512,1,0,0,0,2015,3,10,0
858877,2,3,2015-03-11,4949,668,1,0,0,0,2015,3,11,0
859992,2,4,2015-03-12,4065,514,1,0,0,0,2015,3,12,0
861107,2,5,2015-03-13,3430,442,1,0,0,0,2015,3,13,0
862222,2,6,2015-03-14,2803,343,1,0,0,0,2015,3,14,0
863337,2,7,2015-03-15,0,0,0,0,0,0,2015,3,15,0
864452,2,1,2015-03-16,7209,734,1,1,0,0,2015,3,16,1
865567,2,2,2015-03-17,6457,666,1,1,0,0,2015,3,17,0
866682,2,3,2015-03-18,7034,786,1,1,0,0,2015,3,18,0
867797,2,4,2015-03-19,5737,622,1,1,0,0,2015,3,19,0
868912,2,5,2015-03-20,4759,532,1,1,0,0,2015,3,20,0
870027,2,6,2015-03-21,2922,367,1,0,0,0,2015,3,21,0
871142,2,7,2015-03-22,0,0,0,0,0,0,2015,3,22,0
872257,2,1,2015-03-23,4183,516,1,0,0,0,2015,3,23,1
873372,2,2,2015-03-24,4436,523,1,0,0,0,2015,3,24,0
874487,2,3,2015-03-25,5150,684,1,0,0,0,2015,3,25,0
875602,2,4,2015-03-26,3912,486,1,0,0,0,2015,3,26,0
876717,2,5,2015-03-27,3800,458,1,0,0,0,2015,3,27,0
877832,2,6,2015-03-28,3011,355,1,0,0,0,2015,3,28,0
878947,2,7,2015-03-29,0,0,0,0,0,0,2015,3,29,0
880062,2,1,2015-03-30,8733,777,1,1,0,1,2015,3,30,1
881177,2,2,2015-03-31,10107,850,1,1,0,1,2015,3,31,0
882292,2,3,2015-04-01,6473,756,1,1,0,1,2015,4,1,0
883407,2,4,2015-04-02,6168,619,1,1,0,1,2015,4,2,0
884522,2,5,2015-04-03,0,0,0,1,b,1,2015,4,3,0
885637,2,6,2015-04-04,4446,506,1,0,0,0,2015,4,4,1
886752,2,7,2015-04-05,0,0,0,0,0,0,2015,4,5,0
887867,2,1,2015-04-06,0,0,0,0,b,1,2015,4,6,1
888982,2,2,2015-04-07,4588,582,1,0,0,1,2015,4,7,1
890097,2,3,2015-04-08,5304,677,1,0,0,1,2015,4,8,0
891212,2,4,2015-04-09,3793,501,1,0,0,1,2015,4,9,0
892327,2,5,2015-04-10,3824,488,1,0,0,1,2015,4,10,0
893442,2,6,2015-04-11,2662,319,1,0,0,0,2015,4,11,0
894557,2,7,2015-04-12,0,0,0,0,0,0,2015,4,12,0
895672,2,1,2015-04-13,6947,698,1,1,0,0,2015,4,13,1
896787,2,2,2015-04-14,6569,703,1,1,0,0,2015,4,14,0
897902,2,3,2015-04-15,7132,850,1,1,0,0,2015,4,15,0
899017,2,4,2015-04-16,5371,590,1,1,0,0,2015,4,16,0
900132,2,5,2015-04-17,4948,549,1,1,0,0,2015,4,17,0
901247,2,6,2015-04-18,3066,340,1,0,0,0,2015,4,18,0
902362,2,7,2015-04-19,0,0,0,0,0,0,2015,4,19,0
903477,2,1,2015-04-20,4184,511,1,0,0,0,2015,4,20,1
904592,2,2,2015-04-21,3291,469,1,0,0,0,2015,4,21,0
905707,2,3,2015-04-22,5032,641,1,0,0,0,2015,4,22,0
906822,2,4,2015-04-23,3588,482,1,0,0,0,2015,4,23,0
907937,2,5,2015-04-24,3678,482,1,0,0,0,2015,4,24,0
909052,2,6,2015-04-25,2916,453,1,0,0,0,2015,4,25,0
910167,2,7,2015-04-26,0,0,0,0,0,0,2015,4,26,0
911282,2,1,2015-04-27,6523,647,1,1,0,0,2015,4,27,1
912397,2,2,2015-04-28,6861,678,1,1,0,0,2015,4,28,0
913512,2,3,2015-04-29,6764,756,1,1,0,0,2015,4,29,0
914627,2,4,2015-04-30,6884,716,1,1,0,0,2015,4,30,0
915742,2,5,2015-05-01,0,0,0,1,a,0,2015,5,1,0
916857,2,6,2015-05-02,3590,423,1,0,0,0,2015,5,2,1
917972,2,7,2015-05-03,0,0,0,0,0,0,2015,5,3,0
919087,2,1,2015-05-04,6901,681,1,1,0,0,2015,5,4,1
920202,2,2,2015-05-05,6295,653,1,1,0,0,2015,5,5,0
921317,2,3,2015-05-06,6558,780,1,1,0,0,2015,5,6,0
922432,2,4,2015-05-07,5382,597,1,1,0,0,2015,5,7,0
923547,2,5,2015-05-08,5734,753,1,1,0,0,2015,5,8,0
924662,2,6,2015-05-09,2722,348,1,0,0,0,2015,5,9,0
925777,2,7,2015-05-10,0,0,0,0,0,0,2015,5,10,0
926892,2,1,2015-05-11,4521,544,1,0,0,0,2015,5,11,1
928007,2,2,2015-05-12,4319,541,1,0,0,0,2015,5,12,0
929122,2,3,2015-05-13,5662,734,1,0,0,0,2015,5,13,0
930237,2,4,2015-05-14,0,0,0,0,a,0,2015,5,14,0
931352,2,5,2015-05-15,5293,592,1,0,0,1,2015,5,15,1
932467,2,6,2015-05-16,2831,337,1,0,0,0,2015,5,16,0
933582,2,7,2015-05-17,0,0,0,0,0,0,2015,5,17,0
934697,2,1,2015-05-18,8078,747,1,1,0,0,2015,5,18,1
935812,2,2,2015-05-19,6388,631,1,1,0,0,2015,5,19,0
936927,2,3,2015-05-20,6696,794,1,1,0,0,2015,5,20,0
938042,2,4,2015-05-21,5431,609,1,1,0,0,2015,5,21,0
939157,2,5,2015-05-22,4564,504,1,1,0,0,2015,5,22,0
940272,2,6,2015-05-23,2732,331,1,0,0,0,2015,5,23,0
941387,2,7,2015-05-24,0,0,0,0,0,0,2015,5,24,0
942502,2,1,2015-05-25,0,0,0,0,a,0,2015,5,25,1
943617,2,2,2015-05-26,4708,564,1,0,0,0,2015,5,26,1
944732,2,3,2015-05-27,5093,672,1,0,0,0,2015,5,27,0
945847,2,4,2015-05-28,4049,518,1,0,0,0,2015,5,28,0
946962,2,5,2015-05-29,4541,576,1,0,0,0,2015,5,29,0
948077,2,6,2015-05-30,3447,513,1,0,0,0,2015,5,30,0
949192,2,7,2015-05-31,0,0,0,0,0,0,2015,5,31,0
950307,2,1,2015-06-01,6629,673,1,1,0,0,2015,6,1,1
951422,2,2,2015-06-02,7099,697,1,1,0,0,2015,6,2,0
952537,2,3,2015-06-03,6682,768,1,1,0,0,2015,6,3,0
953652,2,4,2015-06-04,5810,646,1,1,0,0,2015,6,4,0
954767,2,5,2015-06-05,4938,532,1,1,0,0,2015,6,5,0
955882,2,6,2015-06-06,2641,319,1,0,0,0,2015,6,6,0
956997,2,7,2015-06-07,0,0,0,0,0,0,2015,6,7,0
958112,2,1,2015-06-08,3918,501,1,0,0,0,2015,6,8,1
959227,2,2,2015-06-09,4097,560,1,0,0,0,2015,6,9,0
960342,2,3,2015-06-10,5035,680,1,0,0,0,2015,6,10,0
961457,2,4,2015-06-11,4240,515,1,0,0,0,2015,6,11,0
962572,2,5,2015-06-12,3539,480,1,0,0,0,2015,6,12,0
963687,2,6,2015-06-13,2574,319,1,0,0,0,2015,6,13,0
964802,2,7,2015-06-14,0,0,0,0,0,0,2015,6,14,0
965917,2,1,2015-06-15,8106,762,1,1,0,0,2015,6,15,1
967032,2,2,2015-06-16,6243,648,1,1,0,0,2015,6,16,0
968147,2,3,2015-06-17,6924,805,1,1,0,0,2015,6,17,0
969262,2,4,2015-06-18,5154,594,1,1,0,0,2015,6,18,0
970377,2,5,2015-06-19,4926,544,1,1,0,0,2015,6,19,0
971492,2,6,2015-06-20,3020,323,1,0,0,0,2015,6,20,0
972607,2,7,2015-06-21,0,0,0,0,0,0,2015,6,21,0
973722,2,1,2015-06-22,4123,491,1,0,0,0,2015,6,22,1
974837,2,2,2015-06-23,4094,512,1,0,0,0,2015,6,23,0
975952,2,3,2015-06-24,4805,654,1,0,0,0,2015,6,24,0
977067,2,4,2015-06-25,4022,508,1,0,0,0,2015,6,25,0
978182,2,5,2015-06-26,3953,476,1,0,0,0,2015,6,26,0
979297,2,6,2015-06-27,2404,303,1,0,0,0,2015,6,27,0
980412,2,7,2015-06-28,0,0,0,0,0,0,2015,6,28,0
981527,2,1,2015-06-29,7961,734,1,1,0,0,2015,6,29,1
982642,2,2,2015-06-30,9863,877,1,1,0,0,2015,6,30,0
983757,2,3,2015-07-01,6431,786,1,1,0,0,2015,7,1,0
984872,2,4,2015-07-02,6189,921,1,1,0,0,2015,7,2,0
985987,2,5,2015-07-03,4838,1029,1,1,0,0,2015,7,3,0
987102,2,6,2015-07-04,4475,1147,1,0,0,0,2015,7,4,0
988217,2,7,2015-07-05,0,0,0,0,0,0,2015,7,5,0
989332,2,1,2015-07-06,4132,523,1,0,0,0,2015,7,6,1
990447,2,2,2015-07-07,4313,531,1,0,0,0,2015,7,7,0
991562,2,3,2015-07-08,5676,693,1,0,0,0,2015,7,8,0
992677,2,4,2015-07-09,4082,495,1,0,0,0,2015,7,9,0
993792,2,5,2015-07-10,4384,539,1,0,0,0,2015,7,10,0
994907,2,6,2015-07-11,2677,311,1,0,0,0,2015,7,11,0
996022,2,7,2015-07-12,0,0,0,0,0,0,2015,7,12,0
997137,2,1,2015-07-13,6874,687,1,1,0,1,2015,7,13,1
998252,2,2,2015-07-14,6122,645,1,1,0,1,2015,7,14,0
999367,2,3,2015-07-15,6406,780,1,1,0,1,2015,7,15,0
1000482,2,4,2015-07-16,5062,544,1,1,0,1,2015,7,16,0
1001597,2,5,2015-07-17,4518,495,1,1,0,1,2015,7,17,0
1002712,2,6,2015-07-18,3417,359,1,0,0,0,2015,7,18,0
1003827,2,7,2015-07-19,0,0,0,0,0,0,2015,7,19,0
1004942,2,1,2015-07-20,4435,564,1,0,0,1,2015,7,20,1
1006057,2,2,2015-07-21,3836,532,1,0,0,1,2015,7,21,0
1007172,2,3,2015-07-22,5093,650,1,0,0,1,2015,7,22,0
1008287,2,4,2015-07-23,4108,521,1,0,0,1,2015,7,23,0
1009402,2,5,2015-07-24,3854,468,1,0,0,1,2015,7,24,0
1010517,2,6,2015-07-25,2512,316,1,0,0,0,2015,7,25,0
1011632,2,7,2015-07-26,0,0,0,0,0,0,2015,7,26,0
1012747,2,1,2015-07-27,6627,638,1,1,0,1,2015,7,27,1
1013862,2,2,2015-07-28,5671,646,1,1,0,1,2015,7,28,0
1014977,2,3,2015-07-29,6402,727,1,1,0,1,2015,7,29,0
1016092,2,4,2015-07-30,5567,601,1,1,0,1,2015,7,30,0
1017207,2,5,2015-07-31,6064,625,1,1,0,1,2015,7,31,0
