,Unnamed: 0,Store,DayOfWeek,Date,Sales,Customers,Open,Promo,StateHoliday,SchoolHoliday,Year,Month,Day
0,365,749,,2013-01-01,0,0,0,,a,,2013,1,1
1,1480,749,2.0,2013-01-02,5350,681,1,0.0,0,1.0,2013,1,2
2,2595,749,3.0,2013-01-03,4967,614,1,0.0,0,1.0,2013,1,3
3,3710,749,4.0,2013-01-04,5626,737,1,0.0,0,1.0,2013,1,4
4,4825,749,5.0,2013-01-05,2177,277,1,0.0,0,1.0,2013,1,5
5,5940,749,6.0,2013-01-06,0,0,0,0.0,0,0.0,2013,1,6
6,7055,749,7.0,2013-01-07,10315,1024,1,0.0,0,0.0,2013,1,7
7,8170,749,1.0,2013-01-08,7187,799,1,1.0,0,0.0,2013,1,8
8,9285,749,2.0,2013-01-09,5953,721,1,1.0,0,0.0,2013,1,9
9,10400,749,3.0,2013-01-10,5795,712,1,1.0,0,0.0,2013,1,10
10,11515,749,4.0,2013-01-11,6155,802,1,1.0,0,0.0,2013,1,11
11,12630,749,5.0,2013-01-12,1978,260,1,1.0,0,0.0,2013,1,12
12,13745,749,6.0,2013-01-13,0,0,0,0.0,0,0.0,2013,1,13
13,14860,749,7.0,2013-01-14,4565,655,1,0.0,0,0.0,2013,1,14
14,15975,749,1.0,2013-01-15,4535,650,1,0.0,0,0.0,2013,1,15
15,17090,749,2.0,2013-01-16,4373,582,1,0.0,0,0.0,2013,1,16
16,18205,749,3.0,2013-01-17,3966,542,1,0.0,0,0.0,2013,1,17
17,19320,749,4.0,2013-01-18,4706,633,1,0.0,0,0.0,2013,1,18
18,20435,749,5.0,2013-01-19,2112,274,1,0.0,0,0.0,2013,1,19
19,21550,749,6.0,2013-01-20,0,0,0,0.0,0,0.0,2013,1,20
20,22665,749,7.0,2013-01-21,7633,806,1,0.0,0,0.0,2013,1,21
21,23780,749,1.0,2013-01-22,7064,790,1,1.0,0,0.0,2013,1,22
22,24895,749,2.0,2013-01-23,6064,716,1,1.0,0,0.0,2013,1,23
23,26010,749,3.0,2013-01-24,5778,664,1,1.0,0,0.0,2013,1,24
24,27125,749,4.0,2013-01-25,6005,748,1,1.0,0,0.0,2013,1,25
25,28240,749,5.0,2013-01-26,2289,303,1,1.0,0,0.0,2013,1,26
26,29355,749,6.0,2013-01-27,0,0,0,0.0,0,0.0,2013,1,27
27,30470,749,7.0,2013-01-28,4957,717,1,0.0,0,0.0,2013,1,28
28,31585,749,1.0,2013-01-29,3840,539,1,0.0,0,0.0,2013,1,29
29,32700,749,2.0,2013-01-30,4398,595,1,0.0,0,0.0,2013,1,30
30,33815,749,3.0,2013-01-31,5267,691,1,0.0,0,0.0,2013,1,31
31,34930,749,4.0,2013-02-01,5416,694,1,0.0,0,0.0,2013,2,1
32,36045,749,5.0,2013-02-02,2737,320,1,0.0,0,0.0,2013,2,2
33,37160,749,6.0,2013-02-03,0,0,0,0.0,0,0.0,2013,2,3
34,38275,749,7.0,2013-02-04,9368,1016,1,0.0,0,0.0,2013,2,4
35,39390,749,1.0,2013-02-05,6713,773,1,1.0,0,0.0,2013,2,5
36,40505,749,2.0,2013-02-06,5969,705,1,1.0,0,0.0,2013,2,6
37,41620,749,3.0,2013-02-07,6171,772,1,1.0,0,0.0,2013,2,7
38,42735,749,4.0,2013-02-08,5718,735,1,1.0,0,0.0,2013,2,8
39,43850,749,5.0,2013-02-09,2250,282,1,1.0,0,0.0,2013,2,9
40,44965,749,6.0,2013-02-10,0,0,0,0.0,0,0.0,2013,2,10
41,46080,749,7.0,2013-02-11,4798,646,1,0.0,0,0.0,2013,2,11
42,47195,749,1.0,2013-02-12,2340,290,1,0.0,0,0.0,2013,2,12
43,48310,749,2.0,2013-02-13,4848,694,1,0.0,0,0.0,2013,2,13
44,49425,749,3.0,2013-02-14,5329,707,1,0.0,0,0.0,2013,2,14
45,50540,749,4.0,2013-02-15,4706,626,1,0.0,0,0.0,2013,2,15
46,51655,749,5.0,2013-02-16,2416,309,1,0.0,0,0.0,2013,2,16
47,52770,749,6.0,2013-02-17,0,0,0,0.0,0,0.0,2013,2,17
48,53885,749,7.0,2013-02-18,9286,979,1,0.0,0,0.0,2013,2,18
49,55000,749,1.0,2013-02-19,5919,672,1,1.0,0,0.0,2013,2,19
50,56115,749,2.0,2013-02-20,6860,800,1,1.0,0,0.0,2013,2,20
51,57230,749,3.0,2013-02-21,5831,769,1,1.0,0,0.0,2013,2,21
52,58345,749,4.0,2013-02-22,5211,683,1,1.0,0,0.0,2013,2,22
53,59460,749,5.0,2013-02-23,2403,290,1,1.0,0,0.0,2013,2,23
54,60575,749,6.0,2013-02-24,0,0,0,0.0,0,0.0,2013,2,24
55,61690,749,7.0,2013-02-25,4070,622,1,0.0,0,0.0,2013,2,25
56,62805,749,1.0,2013-02-26,4330,647,1,0.0,0,0.0,2013,2,26
57,63920,749,2.0,2013-02-27,4209,587,1,0.0,0,0.0,2013,2,27
58,65035,749,3.0,2013-02-28,5176,677,1,0.0,0,0.0,2013,2,28
59,66150,749,4.0,2013-03-01,6154,777,1,0.0,0,0.0,2013,3,1
60,67265,749,5.0,2013-03-02,3015,343,1,0.0,0,0.0,2013,3,2
61,68380,749,6.0,2013-03-03,0,0,0,0.0,0,0.0,2013,3,3
62,69495,749,7.0,2013-03-04,9863,1012,1,0.0,0,0.0,2013,3,4
63,70610,749,1.0,2013-03-05,7715,866,1,1.0,0,0.0,2013,3,5
64,71725,749,2.0,2013-03-06,6533,796,1,1.0,0,0.0,2013,3,6
65,72840,749,3.0,2013-03-07,5632,710,1,1.0,0,0.0,2013,3,7
66,73955,749,4.0,2013-03-08,5924,738,1,1.0,0,0.0,2013,3,8
67,75070,749,5.0,2013-03-09,2574,322,1,1.0,0,0.0,2013,3,9
68,76185,749,6.0,2013-03-10,0,0,0,0.0,0,0.0,2013,3,10
69,77300,749,7.0,2013-03-11,4962,685,1,0.0,0,0.0,2013,3,11
70,78415,749,1.0,2013-03-12,3736,540,1,0.0,0,0.0,2013,3,12
71,79530,749,2.0,2013-03-13,4282,587,1,0.0,0,0.0,2013,3,13
72,80645,749,3.0,2013-03-14,4687,651,1,0.0,0,0.0,2013,3,14
73,81760,749,4.0,2013-03-15,4711,682,1,0.0,0,0.0,2013,3,15
74,82875,749,5.0,2013-03-16,2740,322,1,0.0,0,0.0,2013,3,16
75,83990,749,6.0,2013-03-17,0,0,0,0.0,0,0.0,2013,3,17
76,85105,749,7.0,2013-03-18,9287,946,1,0.0,0,0.0,2013,3,18
77,86220,749,1.0,2013-03-19,6948,827,1,1.0,0,0.0,2013,3,19
78,87335,749,2.0,2013-03-20,6698,779,1,1.0,0,0.0,2013,3,20
79,88450,749,3.0,2013-03-21,5841,721,1,1.0,0,1.0,2013,3,21
80,89565,749,4.0,2013-03-22,6555,796,1,1.0,0,1.0,2013,3,22
81,90680,749,5.0,2013-03-23,2082,276,1,1.0,0,1.0,2013,3,23
82,91795,749,6.0,2013-03-24,0,0,0,0.0,0,0.0,2013,3,24
83,92910,749,7.0,2013-03-25,8807,930,1,0.0,0,0.0,2013,3,25
84,94025,749,1.0,2013-03-26,7079,763,1,1.0,0,1.0,2013,3,26
85,95140,749,2.0,2013-03-27,7320,804,1,1.0,0,1.0,2013,3,27
86,96255,749,3.0,2013-03-28,8445,1007,1,1.0,0,1.0,2013,3,28
87,97370,749,4.0,2013-03-29,0,0,0,1.0,b,1.0,2013,3,29
88,98485,749,5.0,2013-03-30,3898,518,1,1.0,0,1.0,2013,3,30
89,99600,749,6.0,2013-03-31,0,0,0,0.0,0,0.0,2013,3,31
90,100715,749,7.0,2013-04-01,0,0,0,0.0,b,0.0,2013,4,1
91,101830,749,1.0,2013-04-02,5905,743,1,0.0,0,1.0,2013,4,2
92,102945,749,2.0,2013-04-03,4582,635,1,0.0,0,1.0,2013,4,3
93,104060,749,3.0,2013-04-04,4605,609,1,0.0,0,1.0,2013,4,4
94,105175,749,4.0,2013-04-05,4698,668,1,0.0,0,1.0,2013,4,5
95,106290,749,5.0,2013-04-06,2123,304,1,0.0,0,1.0,2013,4,6
96,107405,749,6.0,2013-04-07,0,0,0,0.0,0,0.0,2013,4,7
97,108520,749,7.0,2013-04-08,9768,1034,1,0.0,0,0.0,2013,4,8
98,109635,749,1.0,2013-04-09,6557,743,1,1.0,0,0.0,2013,4,9
99,110750,749,2.0,2013-04-10,6141,737,1,1.0,0,0.0,2013,4,10
100,111865,749,3.0,2013-04-11,5361,679,1,1.0,0,0.0,2013,4,11
101,112980,749,4.0,2013-04-12,6200,756,1,1.0,0,0.0,2013,4,12
102,114095,749,5.0,2013-04-13,2351,324,1,1.0,0,0.0,2013,4,13
103,115210,749,6.0,2013-04-14,0,0,0,0.0,0,0.0,2013,4,14
104,116325,749,7.0,2013-04-15,4815,673,1,0.0,0,0.0,2013,4,15
105,117440,749,1.0,2013-04-16,4502,614,1,0.0,0,0.0,2013,4,16
106,118555,749,2.0,2013-04-17,4151,596,1,0.0,0,0.0,2013,4,17
107,119670,749,3.0,2013-04-18,4068,603,1,0.0,0,0.0,2013,4,18
108,120785,749,4.0,2013-04-19,4543,622,1,0.0,0,0.0,2013,4,19
109,121900,749,5.0,2013-04-20,2151,304,1,0.0,0,0.0,2013,4,20
110,123015,749,6.0,2013-04-21,0,0,0,0.0,0,0.0,2013,4,21
111,124130,749,7.0,2013-04-22,8758,960,1,0.0,0,0.0,2013,4,22
112,125245,749,1.0,2013-04-23,6482,759,1,1.0,0,0.0,2013,4,23
113,126360,749,2.0,2013-04-24,5314,625,1,1.0,0,0.0,2013,4,24
114,127475,749,3.0,2013-04-25,5325,636,1,1.0,0,0.0,2013,4,25
115,128590,749,4.0,2013-04-26,5871,732,1,1.0,0,0.0,2013,4,26
116,129705,749,5.0,2013-04-27,2383,287,1,1.0,0,0.0,2013,4,27
117,130820,749,6.0,2013-04-28,0,0,0,0.0,0,0.0,2013,4,28
118,131935,749,7.0,2013-04-29,9172,950,1,0.0,0,0.0,2013,4,29
119,133050,749,1.0,2013-04-30,7657,786,1,1.0,0,0.0,2013,4,30
120,134165,749,2.0,2013-05-01,0,0,0,1.0,a,0.0,2013,5,1
121,135280,749,3.0,2013-05-02,7587,812,1,1.0,0,0.0,2013,5,2
122,136395,749,4.0,2013-05-03,7470,823,1,1.0,0,0.0,2013,5,3
123,137510,749,5.0,2013-05-04,2590,320,1,1.0,0,0.0,2013,5,4
124,138625,749,6.0,2013-05-05,0,0,0,0.0,0,0.0,2013,5,5
125,139740,749,7.0,2013-05-06,5572,721,1,0.0,0,0.0,2013,5,6
126,140855,749,1.0,2013-05-07,3956,593,1,0.0,0,0.0,2013,5,7
127,141970,749,2.0,2013-05-08,5504,737,1,0.0,0,0.0,2013,5,8
128,143085,749,3.0,2013-05-09,0,0,0,0.0,a,0.0,2013,5,9
129,144200,749,4.0,2013-05-10,6421,796,1,0.0,0,0.0,2013,5,10
130,145315,749,5.0,2013-05-11,2688,348,1,0.0,0,0.0,2013,5,11
131,146430,749,6.0,2013-05-12,0,0,0,0.0,0,0.0,2013,5,12
132,147545,749,7.0,2013-05-13,7288,789,1,0.0,0,0.0,2013,5,13
133,148660,749,1.0,2013-05-14,7281,828,1,1.0,0,0.0,2013,5,14
134,149775,749,2.0,2013-05-15,6057,716,1,1.0,0,0.0,2013,5,15
135,150890,749,3.0,2013-05-16,5867,716,1,1.0,0,0.0,2013,5,16
136,152005,749,4.0,2013-05-17,5926,768,1,1.0,0,0.0,2013,5,17
137,153120,749,5.0,2013-05-18,2719,335,1,1.0,0,0.0,2013,5,18
138,154235,749,6.0,2013-05-19,0,0,0,0.0,0,0.0,2013,5,19
139,155350,749,7.0,2013-05-20,0,0,0,0.0,a,0.0,2013,5,20
140,156465,749,1.0,2013-05-21,5280,690,1,0.0,0,0.0,2013,5,21
141,157580,749,2.0,2013-05-22,4158,565,1,0.0,0,0.0,2013,5,22
142,158695,749,3.0,2013-05-23,3963,554,1,0.0,0,0.0,2013,5,23
143,159810,749,4.0,2013-05-24,4440,657,1,0.0,0,0.0,2013,5,24
144,160925,749,5.0,2013-05-25,2049,297,1,0.0,0,0.0,2013,5,25
145,162040,749,6.0,2013-05-26,0,0,0,0.0,0,0.0,2013,5,26
146,163155,749,7.0,2013-05-27,8466,892,1,0.0,0,0.0,2013,5,27
147,164270,749,1.0,2013-05-28,7092,815,1,1.0,0,0.0,2013,5,28
148,165385,749,2.0,2013-05-29,6699,750,1,1.0,0,0.0,2013,5,29
149,166500,749,3.0,2013-05-30,0,0,0,1.0,a,0.0,2013,5,30
150,167615,749,4.0,2013-05-31,7977,825,1,1.0,0,0.0,2013,5,31
151,168730,749,5.0,2013-06-01,2831,346,1,1.0,0,0.0,2013,6,1
152,169845,749,6.0,2013-06-02,0,0,0,0.0,0,0.0,2013,6,2
153,170960,749,7.0,2013-06-03,9579,1047,1,0.0,0,0.0,2013,6,3
154,172075,749,1.0,2013-06-04,6680,788,1,1.0,0,0.0,2013,6,4
155,173190,749,2.0,2013-06-05,6397,727,1,1.0,0,0.0,2013,6,5
156,174305,749,3.0,2013-06-06,5987,695,1,1.0,0,0.0,2013,6,6
157,175420,749,4.0,2013-06-07,6094,743,1,1.0,0,0.0,2013,6,7
158,176535,749,5.0,2013-06-08,2269,301,1,1.0,0,0.0,2013,6,8
159,177650,749,6.0,2013-06-09,0,0,0,0.0,0,0.0,2013,6,9
160,178765,749,7.0,2013-06-10,4508,607,1,0.0,0,0.0,2013,6,10
161,179880,749,1.0,2013-06-11,4738,665,1,0.0,0,0.0,2013,6,11
162,180995,749,2.0,2013-06-12,4142,582,1,0.0,0,0.0,2013,6,12
163,182110,749,3.0,2013-06-13,4097,588,1,0.0,0,0.0,2013,6,13
164,183225,749,4.0,2013-06-14,5054,644,1,0.0,0,0.0,2013,6,14
165,184340,749,5.0,2013-06-15,2415,342,1,0.0,0,0.0,2013,6,15
166,185455,749,6.0,2013-06-16,0,0,0,0.0,0,0.0,2013,6,16
167,186570,749,7.0,2013-06-17,8835,935,1,0.0,0,0.0,2013,6,17
168,187685,749,1.0,2013-06-18,6576,769,1,1.0,0,0.0,2013,6,18
169,188800,749,2.0,2013-06-19,5283,679,1,1.0,0,0.0,2013,6,19
170,189915,749,3.0,2013-06-20,5573,660,1,1.0,0,0.0,2013,6,20
171,191030,749,4.0,2013-06-21,6027,755,1,1.0,0,0.0,2013,6,21
172,192145,749,5.0,2013-06-22,2470,298,1,1.0,0,0.0,2013,6,22
173,193260,749,6.0,2013-06-23,0,0,0,0.0,0,0.0,2013,6,23
174,194375,749,7.0,2013-06-24,4102,605,1,0.0,0,0.0,2013,6,24
175,195490,749,1.0,2013-06-25,4330,595,1,0.0,0,0.0,2013,6,25
176,196605,749,2.0,2013-06-26,4471,592,1,0.0,0,0.0,2013,6,26
177,197720,749,3.0,2013-06-27,3859,548,1,0.0,0,0.0,2013,6,27
178,198835,749,4.0,2013-06-28,6460,785,1,0.0,0,0.0,2013,6,28
179,199950,749,5.0,2013-06-29,2465,313,1,0.0,0,0.0,2013,6,29
180,201065,749,6.0,2013-06-30,0,0,0,0.0,0,0.0,2013,6,30
181,202180,749,7.0,2013-07-01,10173,1020,1,0.0,0,0.0,2013,7,1
182,203295,749,1.0,2013-07-02,8364,913,1,1.0,0,0.0,2013,7,2
183,204410,749,2.0,2013-07-03,5768,664,1,1.0,0,0.0,2013,7,3
184,205525,749,3.0,2013-07-04,6719,826,1,1.0,0,0.0,2013,7,4
185,206640,749,4.0,2013-07-05,6890,839,1,1.0,0,0.0,2013,7,5
186,207755,749,5.0,2013-07-06,2744,345,1,1.0,0,0.0,2013,7,6
187,208870,749,6.0,2013-07-07,0,0,0,0.0,0,0.0,2013,7,7
188,209985,749,7.0,2013-07-08,5115,654,1,0.0,0,0.0,2013,7,8
189,211100,749,1.0,2013-07-09,4648,610,1,0.0,0,1.0,2013,7,9
190,212215,749,2.0,2013-07-10,3826,529,1,0.0,0,1.0,2013,7,10
191,213330,749,3.0,2013-07-11,4991,614,1,0.0,0,1.0,2013,7,11
192,214445,749,4.0,2013-07-12,5137,678,1,0.0,0,1.0,2013,7,12
193,215560,749,5.0,2013-07-13,2326,313,1,0.0,0,1.0,2013,7,13
194,216675,749,6.0,2013-07-14,0,0,0,0.0,0,0.0,2013,7,14
195,217790,749,7.0,2013-07-15,10438,1025,1,0.0,0,0.0,2013,7,15
196,218905,749,1.0,2013-07-16,8234,858,1,1.0,0,1.0,2013,7,16
197,220020,749,2.0,2013-07-17,6829,731,1,1.0,0,1.0,2013,7,17
198,221135,749,3.0,2013-07-18,6157,700,1,1.0,0,1.0,2013,7,18
199,222250,749,4.0,2013-07-19,5950,745,1,1.0,0,1.0,2013,7,19
200,223365,749,5.0,2013-07-20,2281,331,1,1.0,0,1.0,2013,7,20
201,224480,749,6.0,2013-07-21,0,0,0,0.0,0,0.0,2013,7,21
202,225595,749,7.0,2013-07-22,4326,564,1,0.0,0,0.0,2013,7,22
203,226710,749,1.0,2013-07-23,3947,521,1,0.0,0,1.0,2013,7,23
204,227825,749,2.0,2013-07-24,4054,519,1,0.0,0,1.0,2013,7,24
205,228940,749,3.0,2013-07-25,4130,525,1,0.0,0,1.0,2013,7,25
206,230055,749,4.0,2013-07-26,4721,639,1,0.0,0,1.0,2013,7,26
207,231170,749,5.0,2013-07-27,2141,290,1,0.0,0,1.0,2013,7,27
208,232285,749,6.0,2013-07-28,0,0,0,0.0,0,0.0,2013,7,28
209,233400,749,7.0,2013-07-29,9912,999,1,0.0,0,0.0,2013,7,29
210,234515,749,1.0,2013-07-30,7158,769,1,1.0,0,1.0,2013,7,30
211,235630,749,2.0,2013-07-31,7692,817,1,1.0,0,1.0,2013,7,31
212,236745,749,3.0,2013-08-01,5526,662,1,1.0,0,1.0,2013,8,1
213,237860,749,4.0,2013-08-02,5968,724,1,1.0,0,1.0,2013,8,2
214,238975,749,5.0,2013-08-03,2332,289,1,1.0,0,1.0,2013,8,3
215,240090,749,6.0,2013-08-04,0,0,0,0.0,0,0.0,2013,8,4
216,241205,749,7.0,2013-08-05,4244,617,1,0.0,0,0.0,2013,8,5
217,242320,749,1.0,2013-08-06,3559,488,1,0.0,0,1.0,2013,8,6
218,243435,749,2.0,2013-08-07,3752,530,1,0.0,0,1.0,2013,8,7
219,244550,749,3.0,2013-08-08,3841,536,1,0.0,0,1.0,2013,8,8
220,245665,749,4.0,2013-08-09,4493,619,1,0.0,0,1.0,2013,8,9
221,246780,749,5.0,2013-08-10,2142,271,1,0.0,0,1.0,2013,8,10
222,247895,749,6.0,2013-08-11,0,0,0,0.0,0,0.0,2013,8,11
223,249010,749,7.0,2013-08-12,10018,1007,1,0.0,0,0.0,2013,8,12
224,250125,749,1.0,2013-08-13,7623,840,1,1.0,0,1.0,2013,8,13
225,251240,749,2.0,2013-08-14,6413,762,1,1.0,0,1.0,2013,8,14
226,252355,749,3.0,2013-08-15,5600,713,1,1.0,0,1.0,2013,8,15
227,253470,749,4.0,2013-08-16,6370,807,1,1.0,0,1.0,2013,8,16
228,254585,749,5.0,2013-08-17,2267,306,1,1.0,0,1.0,2013,8,17
229,255700,749,6.0,2013-08-18,0,0,0,0.0,0,0.0,2013,8,18
230,256815,749,7.0,2013-08-19,4409,627,1,0.0,0,0.0,2013,8,19
231,257930,749,1.0,2013-08-20,4364,610,1,0.0,0,0.0,2013,8,20
232,259045,749,2.0,2013-08-21,4394,615,1,0.0,0,0.0,2013,8,21
233,260160,749,3.0,2013-08-22,4087,602,1,0.0,0,0.0,2013,8,22
234,261275,749,4.0,2013-08-23,4556,678,1,0.0,0,0.0,2013,8,23
235,262390,749,5.0,2013-08-24,2047,280,1,0.0,0,0.0,2013,8,24
236,263505,749,6.0,2013-08-25,0,0,0,0.0,0,0.0,2013,8,25
237,264620,749,7.0,2013-08-26,8389,858,1,0.0,0,0.0,2013,8,26
238,265735,749,1.0,2013-08-27,6805,784,1,1.0,0,0.0,2013,8,27
239,266850,749,2.0,2013-08-28,5687,737,1,1.0,0,0.0,2013,8,28
240,267965,749,3.0,2013-08-29,5834,755,1,1.0,0,0.0,2013,8,29
241,269080,749,4.0,2013-08-30,7618,871,1,1.0,0,0.0,2013,8,30
242,270195,749,5.0,2013-08-31,2685,423,1,1.0,0,0.0,2013,8,31
243,271310,749,6.0,2013-09-01,0,0,0,0.0,0,0.0,2013,9,1
244,272425,749,7.0,2013-09-02,4861,650,1,0.0,0,0.0,2013,9,2
245,273540,749,1.0,2013-09-03,4594,665,1,0.0,0,0.0,2013,9,3
246,274655,749,2.0,2013-09-04,4065,568,1,0.0,0,0.0,2013,9,4
247,275770,749,3.0,2013-09-05,4450,623,1,0.0,0,0.0,2013,9,5
248,276885,749,4.0,2013-09-06,4570,641,1,0.0,0,0.0,2013,9,6
249,278000,749,5.0,2013-09-07,2145,298,1,0.0,0,0.0,2013,9,7
250,279115,749,6.0,2013-09-08,0,0,0,0.0,0,0.0,2013,9,8
251,280230,749,7.0,2013-09-09,9644,984,1,0.0,0,0.0,2013,9,9
252,281345,749,1.0,2013-09-10,7654,817,1,1.0,0,0.0,2013,9,10
253,282460,749,2.0,2013-09-11,5761,677,1,1.0,0,0.0,2013,9,11
254,283575,749,3.0,2013-09-12,6245,702,1,1.0,0,0.0,2013,9,12
255,284690,749,4.0,2013-09-13,6715,815,1,1.0,0,0.0,2013,9,13
256,285805,749,5.0,2013-09-14,1692,251,1,1.0,0,0.0,2013,9,14
257,286920,749,6.0,2013-09-15,0,0,0,0.0,0,0.0,2013,9,15
258,288035,749,7.0,2013-09-16,4070,558,1,0.0,0,0.0,2013,9,16
259,289150,749,1.0,2013-09-17,3799,582,1,0.0,0,0.0,2013,9,17
260,290265,749,2.0,2013-09-18,3512,480,1,0.0,0,0.0,2013,9,18
261,291380,749,3.0,2013-09-19,4055,549,1,0.0,0,0.0,2013,9,19
262,292495,749,4.0,2013-09-20,4656,646,1,0.0,0,0.0,2013,9,20
263,293610,749,5.0,2013-09-21,2104,280,1,0.0,0,0.0,2013,9,21
264,294725,749,6.0,2013-09-22,0,0,0,0.0,0,0.0,2013,9,22
265,295840,749,7.0,2013-09-23,8578,916,1,0.0,0,0.0,2013,9,23
266,296955,749,1.0,2013-09-24,6686,780,1,1.0,0,0.0,2013,9,24
267,298070,749,2.0,2013-09-25,5402,652,1,1.0,0,0.0,2013,9,25
268,299185,749,3.0,2013-09-26,5215,618,1,1.0,0,0.0,2013,9,26
269,300300,749,4.0,2013-09-27,6154,796,1,1.0,0,0.0,2013,9,27
270,301415,749,5.0,2013-09-28,2227,292,1,1.0,0,0.0,2013,9,28
271,302530,749,6.0,2013-09-29,0,0,0,0.0,0,0.0,2013,9,29
272,303645,749,7.0,2013-09-30,5817,709,1,0.0,0,0.0,2013,9,30
273,304760,749,1.0,2013-10-01,5174,694,1,0.0,0,0.0,2013,10,1
274,305875,749,2.0,2013-10-02,5864,742,1,0.0,0,0.0,2013,10,2
275,306990,749,3.0,2013-10-03,0,0,0,0.0,a,0.0,2013,10,3
276,308105,749,4.0,2013-10-04,5464,749,1,0.0,0,0.0,2013,10,4
277,309220,749,5.0,2013-10-05,2116,227,1,0.0,0,1.0,2013,10,5
278,310335,749,6.0,2013-10-06,0,0,0,0.0,0,0.0,2013,10,6
279,311450,749,7.0,2013-10-07,9841,1012,1,0.0,0,0.0,2013,10,7
280,312565,749,1.0,2013-10-08,7053,769,1,1.0,0,1.0,2013,10,8
281,313680,749,2.0,2013-10-09,6327,737,1,1.0,0,1.0,2013,10,9
282,314795,749,3.0,2013-10-10,5228,671,1,1.0,0,1.0,2013,10,10
283,315910,749,4.0,2013-10-11,5535,697,1,1.0,0,1.0,2013,10,11
284,317025,749,5.0,2013-10-12,2173,300,1,1.0,0,1.0,2013,10,12
285,318140,749,6.0,2013-10-13,0,0,0,0.0,0,0.0,2013,10,13
286,319255,749,7.0,2013-10-14,4333,575,1,0.0,0,0.0,2013,10,14
287,320370,749,1.0,2013-10-15,4228,611,1,0.0,0,1.0,2013,10,15
288,321485,749,2.0,2013-10-16,4052,558,1,0.0,0,1.0,2013,10,16
289,322600,749,3.0,2013-10-17,3955,556,1,0.0,0,1.0,2013,10,17
290,323715,749,4.0,2013-10-18,4639,625,1,0.0,0,1.0,2013,10,18
291,324830,749,5.0,2013-10-19,2361,293,1,0.0,0,1.0,2013,10,19
292,325945,749,6.0,2013-10-20,0,0,0,0.0,0,0.0,2013,10,20
293,327060,749,7.0,2013-10-21,8875,941,1,0.0,0,0.0,2013,10,21
294,328175,749,1.0,2013-10-22,6914,797,1,1.0,0,0.0,2013,10,22
295,329290,749,2.0,2013-10-23,5367,649,1,1.0,0,0.0,2013,10,23
296,330405,749,3.0,2013-10-24,5226,678,1,1.0,0,0.0,2013,10,24
297,331520,749,4.0,2013-10-25,5818,787,1,1.0,0,0.0,2013,10,25
298,332635,749,5.0,2013-10-26,2238,306,1,1.0,0,0.0,2013,10,26
299,333750,749,6.0,2013-10-27,0,0,0,0.0,0,0.0,2013,10,27
300,334865,749,7.0,2013-10-28,4559,671,1,0.0,0,0.0,2013,10,28
301,335980,749,1.0,2013-10-29,4575,641,1,0.0,0,0.0,2013,10,29
302,337095,749,2.0,2013-10-30,5102,689,1,0.0,0,0.0,2013,10,30
303,338210,749,3.0,2013-10-31,6178,828,1,0.0,0,0.0,2013,10,31
304,339325,749,4.0,2013-11-01,0,0,0,0.0,a,0.0,2013,11,1
305,340440,749,5.0,2013-11-02,2939,365,1,0.0,0,0.0,2013,11,2
306,341555,749,6.0,2013-11-03,0,0,0,0.0,0,0.0,2013,11,3
307,342670,749,7.0,2013-11-04,9936,989,1,0.0,0,0.0,2013,11,4
308,343785,749,1.0,2013-11-05,7683,876,1,1.0,0,0.0,2013,11,5
309,344900,749,2.0,2013-11-06,6516,742,1,1.0,0,0.0,2013,11,6
310,346015,749,3.0,2013-11-07,5597,697,1,1.0,0,0.0,2013,11,7
311,347130,749,4.0,2013-11-08,5908,724,1,1.0,0,0.0,2013,11,8
312,348245,749,5.0,2013-11-09,2368,324,1,1.0,0,0.0,2013,11,9
313,349360,749,6.0,2013-11-10,0,0,0,0.0,0,0.0,2013,11,10
314,350475,749,7.0,2013-11-11,5097,676,1,0.0,0,0.0,2013,11,11
315,351590,749,1.0,2013-11-12,4308,619,1,0.0,0,0.0,2013,11,12
316,352705,749,2.0,2013-11-13,4480,603,1,0.0,0,0.0,2013,11,13
317,353820,749,3.0,2013-11-14,4252,570,1,0.0,0,0.0,2013,11,14
318,354935,749,4.0,2013-11-15,4730,692,1,0.0,0,0.0,2013,11,15
319,356050,749,5.0,2013-11-16,1955,290,1,0.0,0,0.0,2013,11,16
320,357165,749,6.0,2013-11-17,0,0,0,0.0,0,0.0,2013,11,17
321,358280,749,7.0,2013-11-18,9501,973,1,0.0,0,0.0,2013,11,18
322,359395,749,1.0,2013-11-19,6139,750,1,1.0,0,0.0,2013,11,19
323,360510,749,2.0,2013-11-20,5970,716,1,1.0,0,0.0,2013,11,20
324,361625,749,3.0,2013-11-21,6508,773,1,1.0,0,0.0,2013,11,21
325,362740,749,4.0,2013-11-22,5465,716,1,1.0,0,0.0,2013,11,22
326,363855,749,5.0,2013-11-23,2488,319,1,1.0,0,0.0,2013,11,23
327,364970,749,6.0,2013-11-24,0,0,0,0.0,0,0.0,2013,11,24
328,366085,749,7.0,2013-11-25,5133,713,1,0.0,0,0.0,2013,11,25
329,367200,749,1.0,2013-11-26,5114,661,1,0.0,0,0.0,2013,11,26
330,368315,749,2.0,2013-11-27,4634,601,1,0.0,0,0.0,2013,11,27
331,369430,749,3.0,2013-11-28,4299,563,1,0.0,0,0.0,2013,11,28
332,370545,749,4.0,2013-11-29,7320,878,1,0.0,0,0.0,2013,11,29
333,371660,749,5.0,2013-11-30,3708,396,1,0.0,0,0.0,2013,11,30
334,372775,749,6.0,2013-12-01,0,0,0,0.0,0,0.0,2013,12,1
335,373890,749,7.0,2013-12-02,11446,1139,1,0.0,0,0.0,2013,12,2
336,375005,749,1.0,2013-12-03,9225,929,1,1.0,0,0.0,2013,12,3
337,376120,749,2.0,2013-12-04,7658,799,1,1.0,0,0.0,2013,12,4
338,377235,749,3.0,2013-12-05,7410,855,1,1.0,0,0.0,2013,12,5
339,378350,749,4.0,2013-12-06,7900,928,1,1.0,0,0.0,2013,12,6
340,379465,749,5.0,2013-12-07,2839,362,1,1.0,0,0.0,2013,12,7
341,380580,749,6.0,2013-12-08,0,0,0,0.0,0,0.0,2013,12,8
342,381695,749,7.0,2013-12-09,6624,809,1,0.0,0,0.0,2013,12,9
343,382810,749,1.0,2013-12-10,5947,732,1,0.0,0,0.0,2013,12,10
344,383925,749,2.0,2013-12-11,4861,655,1,0.0,0,0.0,2013,12,11
345,385040,749,3.0,2013-12-12,5055,654,1,0.0,0,0.0,2013,12,12
346,386155,749,4.0,2013-12-13,6297,759,1,0.0,0,0.0,2013,12,13
347,387270,749,5.0,2013-12-14,2715,324,1,0.0,0,0.0,2013,12,14
348,388385,749,6.0,2013-12-15,0,0,0,0.0,0,0.0,2013,12,15
349,389500,749,7.0,2013-12-16,13118,1182,1,0.0,0,0.0,2013,12,16
350,390615,749,1.0,2013-12-17,9622,996,1,1.0,0,0.0,2013,12,17
351,391730,749,2.0,2013-12-18,9026,945,1,1.0,0,0.0,2013,12,18
352,392845,749,3.0,2013-12-19,6847,809,1,1.0,0,0.0,2013,12,19
353,393960,749,4.0,2013-12-20,9107,1016,1,1.0,0,0.0,2013,12,20
354,395075,749,5.0,2013-12-21,4171,514,1,1.0,0,0.0,2013,12,21
355,396190,749,6.0,2013-12-22,0,0,0,0.0,0,0.0,2013,12,22
356,397305,749,7.0,2013-12-23,9551,1136,1,0.0,0,0.0,2013,12,23
357,398420,749,1.0,2013-12-24,4239,494,1,0.0,0,1.0,2013,12,24
358,399535,749,2.0,2013-12-25,0,0,0,0.0,c,1.0,2013,12,25
359,400650,749,3.0,2013-12-26,0,0,0,0.0,c,1.0,2013,12,26
360,401765,749,4.0,2013-12-27,5533,734,1,0.0,0,1.0,2013,12,27
361,402880,749,5.0,2013-12-28,2447,335,1,0.0,0,1.0,2013,12,28
362,403995,749,6.0,2013-12-29,0,0,0,0.0,0,0.0,2013,12,29
363,405110,749,7.0,2013-12-30,6775,807,1,0.0,0,0.0,2013,12,30
364,406225,749,1.0,2013-12-31,3823,458,1,0.0,0,1.0,2013,12,31
365,407340,749,2.0,2014-01-01,0,0,0,0.0,a,1.0,2014,1,1
366,408455,749,3.0,2014-01-02,5807,679,1,0.0,0,1.0,2014,1,2
367,409570,749,4.0,2014-01-03,4979,647,1,0.0,0,1.0,2014,1,3
368,410685,749,5.0,2014-01-04,2273,298,1,0.0,0,1.0,2014,1,4
369,411800,749,6.0,2014-01-05,0,0,0,0.0,0,0.0,2014,1,5
370,412915,749,7.0,2014-01-06,10980,1084,1,0.0,0,0.0,2014,1,6
371,414030,749,1.0,2014-01-07,7986,886,1,1.0,0,1.0,2014,1,7
372,415145,749,2.0,2014-01-08,6659,788,1,1.0,0,1.0,2014,1,8
373,416260,749,3.0,2014-01-09,6231,754,1,1.0,0,0.0,2014,1,9
374,417375,749,4.0,2014-01-10,7377,883,1,1.0,0,0.0,2014,1,10
375,418490,749,5.0,2014-01-11,2093,287,1,1.0,0,0.0,2014,1,11
376,419605,749,6.0,2014-01-12,0,0,0,0.0,0,0.0,2014,1,12
377,420720,749,7.0,2014-01-13,4309,614,1,0.0,0,0.0,2014,1,13
378,421835,749,1.0,2014-01-14,4746,668,1,0.0,0,0.0,2014,1,14
379,422950,749,2.0,2014-01-15,4397,660,1,0.0,0,0.0,2014,1,15
380,424065,749,3.0,2014-01-16,4256,576,1,0.0,0,0.0,2014,1,16
381,425180,749,4.0,2014-01-17,4492,651,1,0.0,0,0.0,2014,1,17
382,426295,749,5.0,2014-01-18,2255,314,1,0.0,0,0.0,2014,1,18
383,427410,749,6.0,2014-01-19,0,0,0,0.0,0,0.0,2014,1,19
384,428525,749,7.0,2014-01-20,9595,1037,1,0.0,0,0.0,2014,1,20
385,429640,749,1.0,2014-01-21,7378,826,1,1.0,0,0.0,2014,1,21
386,430755,749,2.0,2014-01-22,6490,730,1,1.0,0,0.0,2014,1,22
387,431870,749,3.0,2014-01-23,5242,650,1,1.0,0,0.0,2014,1,23
388,432985,749,4.0,2014-01-24,6196,787,1,1.0,0,0.0,2014,1,24
389,434100,749,5.0,2014-01-25,1913,274,1,1.0,0,0.0,2014,1,25
390,435215,749,6.0,2014-01-26,0,0,0,0.0,0,0.0,2014,1,26
391,436330,749,7.0,2014-01-27,5095,700,1,0.0,0,0.0,2014,1,27
392,437445,749,1.0,2014-01-28,4595,641,1,0.0,0,0.0,2014,1,28
393,438560,749,2.0,2014-01-29,4560,615,1,0.0,0,0.0,2014,1,29
394,439675,749,3.0,2014-01-30,4680,617,1,0.0,0,0.0,2014,1,30
395,440790,749,4.0,2014-01-31,5973,758,1,0.0,0,0.0,2014,1,31
396,441905,749,5.0,2014-02-01,2827,344,1,0.0,0,0.0,2014,2,1
397,443020,749,6.0,2014-02-02,0,0,0,0.0,0,0.0,2014,2,2
398,444135,749,7.0,2014-02-03,10958,1059,1,0.0,0,0.0,2014,2,3
399,445250,749,1.0,2014-02-04,8283,927,1,1.0,0,0.0,2014,2,4
400,446365,749,2.0,2014-02-05,6354,704,1,1.0,0,0.0,2014,2,5
401,447480,749,3.0,2014-02-06,6010,735,1,1.0,0,0.0,2014,2,6
402,448595,749,4.0,2014-02-07,6938,805,1,1.0,0,0.0,2014,2,7
403,449710,749,5.0,2014-02-08,1965,274,1,1.0,0,0.0,2014,2,8
404,450825,749,6.0,2014-02-09,0,0,0,0.0,0,0.0,2014,2,9
405,451940,749,7.0,2014-02-10,4218,644,1,0.0,0,0.0,2014,2,10
406,453055,749,1.0,2014-02-11,4979,682,1,0.0,0,0.0,2014,2,11
407,454170,749,2.0,2014-02-12,4626,686,1,0.0,0,0.0,2014,2,12
408,455285,749,3.0,2014-02-13,4104,562,1,0.0,0,0.0,2014,2,13
409,456400,749,4.0,2014-02-14,5780,795,1,0.0,0,0.0,2014,2,14
410,457515,749,5.0,2014-02-15,2109,297,1,0.0,0,0.0,2014,2,15
411,458630,749,6.0,2014-02-16,0,0,0,0.0,0,0.0,2014,2,16
412,459745,749,7.0,2014-02-17,9304,995,1,0.0,0,0.0,2014,2,17
413,460860,749,1.0,2014-02-18,7055,840,1,1.0,0,0.0,2014,2,18
414,461975,749,2.0,2014-02-19,5935,730,1,1.0,0,0.0,2014,2,19
415,463090,749,3.0,2014-02-20,5909,725,1,1.0,0,0.0,2014,2,20
416,464205,749,4.0,2014-02-21,5809,745,1,1.0,0,0.0,2014,2,21
417,465320,749,5.0,2014-02-22,2498,331,1,1.0,0,0.0,2014,2,22
418,466435,749,6.0,2014-02-23,0,0,0,0.0,0,0.0,2014,2,23
419,467550,749,7.0,2014-02-24,5167,708,1,0.0,0,0.0,2014,2,24
420,468665,749,1.0,2014-02-25,3834,597,1,0.0,0,0.0,2014,2,25
421,469780,749,2.0,2014-02-26,4183,580,1,0.0,0,0.0,2014,2,26
422,470895,749,3.0,2014-02-27,4701,648,1,0.0,0,0.0,2014,2,27
423,472010,749,4.0,2014-02-28,5608,727,1,0.0,0,0.0,2014,2,28
424,473125,749,5.0,2014-03-01,2919,348,1,0.0,0,0.0,2014,3,1
425,474240,749,6.0,2014-03-02,0,0,0,0.0,0,0.0,2014,3,2
426,475355,749,7.0,2014-03-03,9191,987,1,0.0,0,0.0,2014,3,3
427,476470,749,1.0,2014-03-04,7203,785,1,1.0,0,0.0,2014,3,4
428,477585,749,2.0,2014-03-05,7443,830,1,1.0,0,0.0,2014,3,5
429,478700,749,3.0,2014-03-06,6831,815,1,1.0,0,0.0,2014,3,6
430,479815,749,4.0,2014-03-07,6699,839,1,1.0,0,0.0,2014,3,7
431,480930,749,5.0,2014-03-08,2542,337,1,1.0,0,0.0,2014,3,8
432,482045,749,6.0,2014-03-09,0,0,0,0.0,0,0.0,2014,3,9
433,483160,749,7.0,2014-03-10,5473,744,1,0.0,0,0.0,2014,3,10
434,484275,749,1.0,2014-03-11,4564,680,1,0.0,0,0.0,2014,3,11
435,485390,749,2.0,2014-03-12,4226,595,1,0.0,0,0.0,2014,3,12
436,486505,749,3.0,2014-03-13,4177,621,1,0.0,0,0.0,2014,3,13
437,487620,749,4.0,2014-03-14,5016,703,1,0.0,0,0.0,2014,3,14
438,488735,749,5.0,2014-03-15,2215,304,1,0.0,0,0.0,2014,3,15
439,489850,749,6.0,2014-03-16,0,0,0,0.0,0,0.0,2014,3,16
440,490965,749,7.0,2014-03-17,8500,964,1,0.0,0,0.0,2014,3,17
441,492080,749,1.0,2014-03-18,6898,802,1,1.0,0,0.0,2014,3,18
442,493195,749,2.0,2014-03-19,5593,737,1,1.0,0,0.0,2014,3,19
443,494310,749,3.0,2014-03-20,5414,736,1,1.0,0,0.0,2014,3,20
444,495425,749,4.0,2014-03-21,6524,819,1,1.0,0,0.0,2014,3,21
445,496540,749,5.0,2014-03-22,1922,274,1,1.0,0,0.0,2014,3,22
446,497655,749,6.0,2014-03-23,0,0,0,0.0,0,0.0,2014,3,23
447,498770,749,7.0,2014-03-24,4545,662,1,0.0,0,0.0,2014,3,24
448,499885,749,1.0,2014-03-25,4506,641,1,0.0,0,0.0,2014,3,25
449,501000,749,2.0,2014-03-26,4133,578,1,0.0,0,0.0,2014,3,26
450,502115,749,3.0,2014-03-27,4359,624,1,0.0,0,0.0,2014,3,27
451,503230,749,4.0,2014-03-28,4949,673,1,0.0,0,0.0,2014,3,28
452,504345,749,5.0,2014-03-29,2473,317,1,0.0,0,0.0,2014,3,29
453,505460,749,6.0,2014-03-30,0,0,0,0.0,0,0.0,2014,3,30
454,506575,749,7.0,2014-03-31,10300,1058,1,0.0,0,0.0,2014,3,31
455,507690,749,1.0,2014-04-01,7683,841,1,1.0,0,0.0,2014,4,1
456,508805,749,2.0,2014-04-02,6921,812,1,1.0,0,0.0,2014,4,2
457,509920,749,3.0,2014-04-03,6859,811,1,1.0,0,0.0,2014,4,3
458,511035,749,4.0,2014-04-04,6754,831,1,1.0,0,0.0,2014,4,4
459,512150,749,5.0,2014-04-05,2354,299,1,1.0,0,0.0,2014,4,5
460,513265,749,6.0,2014-04-06,0,0,0,0.0,0,0.0,2014,4,6
461,514380,749,7.0,2014-04-07,5600,774,1,0.0,0,0.0,2014,4,7
462,515495,749,1.0,2014-04-08,4938,689,1,0.0,0,0.0,2014,4,8
463,516610,749,2.0,2014-04-09,5145,671,1,0.0,0,0.0,2014,4,9
464,517725,749,3.0,2014-04-10,4486,651,1,0.0,0,0.0,2014,4,10
465,518840,749,4.0,2014-04-11,5398,748,1,0.0,0,0.0,2014,4,11
466,519955,749,5.0,2014-04-12,2404,310,1,0.0,0,0.0,2014,4,12
467,521070,749,6.0,2014-04-13,0,0,0,0.0,0,0.0,2014,4,13
468,522185,749,7.0,2014-04-14,10013,1031,1,0.0,0,0.0,2014,4,14
469,523300,749,1.0,2014-04-15,7442,828,1,1.0,0,1.0,2014,4,15
470,524415,749,2.0,2014-04-16,7362,809,1,1.0,0,1.0,2014,4,16
471,525530,749,3.0,2014-04-17,7611,940,1,1.0,0,1.0,2014,4,17
472,526645,749,4.0,2014-04-18,0,0,0,1.0,b,1.0,2014,4,18
473,527760,749,5.0,2014-04-19,3272,462,1,1.0,0,1.0,2014,4,19
474,528875,749,6.0,2014-04-20,0,0,0,0.0,0,0.0,2014,4,20
475,529990,749,7.0,2014-04-21,0,0,0,0.0,b,0.0,2014,4,21
476,531105,749,1.0,2014-04-22,6004,777,1,0.0,0,1.0,2014,4,22
477,532220,749,2.0,2014-04-23,4185,603,1,0.0,0,1.0,2014,4,23
478,533335,749,3.0,2014-04-24,4582,588,1,0.0,0,1.0,2014,4,24
479,534450,749,4.0,2014-04-25,5010,710,1,0.0,0,1.0,2014,4,25
480,535565,749,5.0,2014-04-26,2677,330,1,0.0,0,1.0,2014,4,26
481,536680,749,6.0,2014-04-27,0,0,0,0.0,0,0.0,2014,4,27
482,537795,749,7.0,2014-04-28,8636,941,1,0.0,0,0.0,2014,4,28
483,538910,749,1.0,2014-04-29,7939,877,1,1.0,0,0.0,2014,4,29
484,540025,749,2.0,2014-04-30,8042,952,1,1.0,0,0.0,2014,4,30
485,541140,749,3.0,2014-05-01,0,0,0,1.0,a,0.0,2014,5,1
486,542255,749,4.0,2014-05-02,8181,941,1,1.0,0,0.0,2014,5,2
487,543370,749,5.0,2014-05-03,2472,316,1,1.0,0,0.0,2014,5,3
488,544485,749,6.0,2014-05-04,0,0,0,0.0,0,0.0,2014,5,4
489,545600,749,7.0,2014-05-05,9629,1020,1,0.0,0,0.0,2014,5,5
490,546715,749,1.0,2014-05-06,7409,828,1,1.0,0,0.0,2014,5,6
491,547830,749,2.0,2014-05-07,5738,701,1,1.0,0,0.0,2014,5,7
492,548945,749,3.0,2014-05-08,6169,770,1,1.0,0,0.0,2014,5,8
493,550060,749,4.0,2014-05-09,6838,821,1,1.0,0,0.0,2014,5,9
494,551175,749,5.0,2014-05-10,2610,338,1,1.0,0,0.0,2014,5,10
495,552290,749,6.0,2014-05-11,0,0,0,0.0,0,0.0,2014,5,11
496,553405,749,7.0,2014-05-12,5493,740,1,0.0,0,0.0,2014,5,12
497,554520,749,1.0,2014-05-13,4829,657,1,0.0,0,0.0,2014,5,13
498,555635,749,2.0,2014-05-14,4598,622,1,0.0,0,0.0,2014,5,14
499,556750,749,3.0,2014-05-15,4312,644,1,0.0,0,0.0,2014,5,15
500,557865,749,4.0,2014-05-16,5188,720,1,0.0,0,0.0,2014,5,16
501,558980,749,5.0,2014-05-17,2296,306,1,0.0,0,0.0,2014,5,17
502,560095,749,6.0,2014-05-18,0,0,0,0.0,0,0.0,2014,5,18
503,561210,749,7.0,2014-05-19,8844,944,1,0.0,0,0.0,2014,5,19
504,562325,749,1.0,2014-05-20,6930,828,1,1.0,0,0.0,2014,5,20
505,563440,749,2.0,2014-05-21,5950,747,1,1.0,0,0.0,2014,5,21
506,564555,749,3.0,2014-05-22,5881,716,1,1.0,0,0.0,2014,5,22
507,565670,749,4.0,2014-05-23,5207,734,1,1.0,0,0.0,2014,5,23
508,566785,749,5.0,2014-05-24,1991,249,1,1.0,0,0.0,2014,5,24
509,567900,749,6.0,2014-05-25,0,0,0,0.0,0,0.0,2014,5,25
510,569015,749,7.0,2014-05-26,4603,664,1,0.0,0,0.0,2014,5,26
511,570130,749,1.0,2014-05-27,4458,646,1,0.0,0,0.0,2014,5,27
512,571245,749,2.0,2014-05-28,5677,728,1,0.0,0,0.0,2014,5,28
513,572360,749,3.0,2014-05-29,0,0,0,0.0,a,0.0,2014,5,29
514,573475,749,4.0,2014-05-30,6887,854,1,0.0,0,0.0,2014,5,30
515,574590,749,5.0,2014-05-31,2490,362,1,0.0,0,0.0,2014,5,31
516,575705,749,6.0,2014-06-01,0,0,0,0.0,0,0.0,2014,6,1
517,576820,749,7.0,2014-06-02,9664,1007,1,0.0,0,0.0,2014,6,2
518,577935,749,1.0,2014-06-03,7173,829,1,1.0,0,0.0,2014,6,3
519,579050,749,2.0,2014-06-04,6696,782,1,1.0,0,0.0,2014,6,4
520,580165,749,3.0,2014-06-05,6021,795,1,1.0,0,0.0,2014,6,5
521,581280,749,4.0,2014-06-06,6874,865,1,1.0,0,0.0,2014,6,6
522,582395,749,5.0,2014-06-07,2461,358,1,1.0,0,0.0,2014,6,7
523,583510,749,6.0,2014-06-08,0,0,0,0.0,0,0.0,2014,6,8
524,584625,749,7.0,2014-06-09,0,0,0,0.0,a,0.0,2014,6,9
525,585740,749,1.0,2014-06-10,5705,748,1,0.0,0,0.0,2014,6,10
526,586855,749,2.0,2014-06-11,5171,693,1,0.0,0,0.0,2014,6,11
527,587970,749,3.0,2014-06-12,4878,675,1,0.0,0,0.0,2014,6,12
528,589085,749,4.0,2014-06-13,5592,732,1,0.0,0,0.0,2014,6,13
529,590200,749,5.0,2014-06-14,2500,332,1,0.0,0,0.0,2014,6,14
530,591315,749,6.0,2014-06-15,0,0,0,0.0,0,0.0,2014,6,15
531,592430,749,7.0,2014-06-16,9325,988,1,0.0,0,0.0,2014,6,16
532,593545,749,1.0,2014-06-17,7036,819,1,1.0,0,0.0,2014,6,17
533,594660,749,2.0,2014-06-18,6838,855,1,1.0,0,0.0,2014,6,18
534,595775,749,3.0,2014-06-19,0,0,0,1.0,a,0.0,2014,6,19
535,596890,749,4.0,2014-06-20,7572,923,1,1.0,0,0.0,2014,6,20
536,598005,749,5.0,2014-06-21,2731,341,1,1.0,0,0.0,2014,6,21
537,599120,749,6.0,2014-06-22,0,0,0,0.0,0,0.0,2014,6,22
538,600235,749,7.0,2014-06-23,4686,692,1,0.0,0,0.0,2014,6,23
539,601350,749,1.0,2014-06-24,4644,648,1,0.0,0,0.0,2014,6,24
540,602465,749,2.0,2014-06-25,4360,612,1,0.0,0,0.0,2014,6,25
541,603580,749,3.0,2014-06-26,4440,626,1,0.0,0,0.0,2014,6,26
542,604695,749,4.0,2014-06-27,4938,689,1,0.0,0,0.0,2014,6,27
543,605810,749,5.0,2014-06-28,2464,302,1,0.0,0,0.0,2014,6,28
544,606925,749,6.0,2014-06-29,0,0,0,0.0,0,0.0,2014,6,29
545,608040,749,7.0,2014-06-30,9886,1012,1,0.0,0,0.0,2014,6,30
546,609102,749,1.0,2014-07-01,8383,911,1,1.0,0,0.0,2014,7,1
547,610037,749,2.0,2014-07-02,7239,855,1,1.0,0,0.0,2014,7,2
548,610972,749,3.0,2014-07-03,6646,763,1,1.0,0,0.0,2014,7,3
549,611907,749,4.0,2014-07-04,6321,784,1,1.0,0,0.0,2014,7,4
550,612842,749,5.0,2014-07-05,2382,323,1,1.0,0,0.0,2014,7,5
551,613777,749,6.0,2014-07-06,0,0,0,0.0,0,0.0,2014,7,6
552,614712,749,7.0,2014-07-07,5439,753,1,0.0,0,0.0,2014,7,7
553,615647,749,1.0,2014-07-08,3973,568,1,0.0,0,0.0,2014,7,8
554,616582,749,2.0,2014-07-09,3571,513,1,0.0,0,0.0,2014,7,9
555,617517,749,3.0,2014-07-10,4629,636,1,0.0,0,0.0,2014,7,10
556,618452,749,4.0,2014-07-11,4691,635,1,0.0,0,0.0,2014,7,11
557,619387,749,5.0,2014-07-12,2261,281,1,0.0,0,0.0,2014,7,12
558,620322,749,6.0,2014-07-13,0,0,0,0.0,0,0.0,2014,7,13
559,621257,749,7.0,2014-07-14,8966,961,1,0.0,0,0.0,2014,7,14
560,622192,749,1.0,2014-07-15,7538,823,1,1.0,0,0.0,2014,7,15
561,623127,749,2.0,2014-07-16,6825,804,1,1.0,0,0.0,2014,7,16
562,624062,749,3.0,2014-07-17,6381,754,1,1.0,0,0.0,2014,7,17
563,624997,749,4.0,2014-07-18,6831,816,1,1.0,0,0.0,2014,7,18
564,625932,749,5.0,2014-07-19,2688,355,1,1.0,0,0.0,2014,7,19
565,626867,749,6.0,2014-07-20,0,0,0,0.0,0,0.0,2014,7,20
566,627802,749,7.0,2014-07-21,4483,620,1,0.0,0,0.0,2014,7,21
567,628737,749,1.0,2014-07-22,4781,678,1,0.0,0,0.0,2014,7,22
568,629672,749,2.0,2014-07-23,4230,595,1,0.0,0,0.0,2014,7,23
569,630607,749,3.0,2014-07-24,4381,617,1,0.0,0,0.0,2014,7,24
570,631542,749,4.0,2014-07-25,4792,677,1,0.0,0,0.0,2014,7,25
571,632477,749,5.0,2014-07-26,2476,319,1,0.0,0,0.0,2014,7,26
572,633412,749,6.0,2014-07-27,0,0,0,0.0,0,0.0,2014,7,27
573,634347,749,7.0,2014-07-28,8785,844,1,0.0,0,0.0,2014,7,28
574,635282,749,1.0,2014-07-29,6111,666,1,1.0,0,1.0,2014,7,29
575,636217,749,2.0,2014-07-30,6257,694,1,1.0,0,1.0,2014,7,30
576,637152,749,3.0,2014-07-31,7607,797,1,1.0,0,1.0,2014,7,31
577,638087,749,4.0,2014-08-01,6833,788,1,1.0,0,1.0,2014,8,1
578,639022,749,5.0,2014-08-02,2686,357,1,1.0,0,1.0,2014,8,2
579,639957,749,6.0,2014-08-03,0,0,0,0.0,0,0.0,2014,8,3
580,640892,749,7.0,2014-08-04,8071,839,1,0.0,0,0.0,2014,8,4
581,641827,749,1.0,2014-08-05,8094,815,1,1.0,0,1.0,2014,8,5
582,642762,749,2.0,2014-08-06,6293,726,1,1.0,0,1.0,2014,8,6
583,643697,749,3.0,2014-08-07,5521,698,1,1.0,0,1.0,2014,8,7
584,644632,749,4.0,2014-08-08,6137,698,1,1.0,0,1.0,2014,8,8
585,645567,749,5.0,2014-08-09,2396,315,1,1.0,0,1.0,2014,8,9
586,646502,749,6.0,2014-08-10,0,0,0,0.0,0,0.0,2014,8,10
587,647437,749,7.0,2014-08-11,4452,603,1,0.0,0,0.0,2014,8,11
588,648372,749,1.0,2014-08-12,4365,611,1,0.0,0,1.0,2014,8,12
589,649307,749,2.0,2014-08-13,3319,479,1,0.0,0,1.0,2014,8,13
590,650242,749,3.0,2014-08-14,4236,567,1,0.0,0,1.0,2014,8,14
591,651177,749,4.0,2014-08-15,4345,614,1,0.0,0,1.0,2014,8,15
592,652112,749,5.0,2014-08-16,2659,319,1,0.0,0,1.0,2014,8,16
593,653047,749,6.0,2014-08-17,0,0,0,0.0,0,0.0,2014,8,17
594,653982,749,7.0,2014-08-18,7915,842,1,0.0,0,0.0,2014,8,18
595,654917,749,1.0,2014-08-19,6926,771,1,1.0,0,1.0,2014,8,19
596,655852,749,2.0,2014-08-20,5982,678,1,1.0,0,1.0,2014,8,20
597,656787,749,3.0,2014-08-21,5468,666,1,1.0,0,1.0,2014,8,21
598,657722,749,4.0,2014-08-22,5734,713,1,1.0,0,1.0,2014,8,22
599,658657,749,5.0,2014-08-23,2044,275,1,1.0,0,1.0,2014,8,23
600,659592,749,6.0,2014-08-24,0,0,0,0.0,0,0.0,2014,8,24
601,660527,749,7.0,2014-08-25,4725,618,1,0.0,0,0.0,2014,8,25
602,661462,749,1.0,2014-08-26,3583,544,1,0.0,0,1.0,2014,8,26
603,662397,749,2.0,2014-08-27,3766,536,1,0.0,0,1.0,2014,8,27
604,663332,749,3.0,2014-08-28,4097,548,1,0.0,0,1.0,2014,8,28
605,664267,749,4.0,2014-08-29,5634,723,1,0.0,0,1.0,2014,8,29
606,665202,749,5.0,2014-08-30,2575,301,1,0.0,0,1.0,2014,8,30
607,666137,749,6.0,2014-08-31,0,0,0,0.0,0,0.0,2014,8,31
608,667072,749,7.0,2014-09-01,9320,972,1,0.0,0,0.0,2014,9,1
609,668007,749,1.0,2014-09-02,7547,796,1,1.0,0,1.0,2014,9,2
610,668942,749,2.0,2014-09-03,5625,678,1,1.0,0,1.0,2014,9,3
611,669877,749,3.0,2014-09-04,5505,696,1,1.0,0,1.0,2014,9,4
612,670812,749,4.0,2014-09-05,6416,786,1,1.0,0,1.0,2014,9,5
613,671747,749,5.0,2014-09-06,2324,405,1,1.0,0,1.0,2014,9,6
614,672682,749,6.0,2014-09-07,0,0,0,0.0,0,0.0,2014,9,7
615,673617,749,7.0,2014-09-08,4970,683,1,0.0,0,0.0,2014,9,8
616,674552,749,1.0,2014-09-09,5077,685,1,0.0,0,0.0,2014,9,9
617,675487,749,2.0,2014-09-10,4290,609,1,0.0,0,0.0,2014,9,10
618,676422,749,3.0,2014-09-11,4458,622,1,0.0,0,0.0,2014,9,11
619,677357,749,4.0,2014-09-12,4099,564,1,0.0,0,0.0,2014,9,12
620,678292,749,5.0,2014-09-13,2571,327,1,0.0,0,0.0,2014,9,13
621,679227,749,6.0,2014-09-14,0,0,0,0.0,0,0.0,2014,9,14
622,680162,749,7.0,2014-09-15,8440,979,1,0.0,0,0.0,2014,9,15
623,681097,749,1.0,2014-09-16,6483,783,1,1.0,0,0.0,2014,9,16
624,682032,749,2.0,2014-09-17,5610,713,1,1.0,0,0.0,2014,9,17
625,682967,749,3.0,2014-09-18,5894,701,1,1.0,0,0.0,2014,9,18
626,683902,749,4.0,2014-09-19,6445,801,1,1.0,0,0.0,2014,9,19
627,684837,749,5.0,2014-09-20,2075,290,1,1.0,0,0.0,2014,9,20
628,685772,749,6.0,2014-09-21,0,0,0,0.0,0,0.0,2014,9,21
629,686707,749,7.0,2014-09-22,4786,641,1,0.0,0,0.0,2014,9,22
630,687642,749,1.0,2014-09-23,4487,616,1,0.0,0,0.0,2014,9,23
631,688577,749,2.0,2014-09-24,4455,582,1,0.0,0,0.0,2014,9,24
632,689512,749,3.0,2014-09-25,3721,563,1,0.0,0,0.0,2014,9,25
633,690447,749,4.0,2014-09-26,4990,706,1,0.0,0,0.0,2014,9,26
634,691382,749,5.0,2014-09-27,2375,281,1,0.0,0,0.0,2014,9,27
635,692317,749,6.0,2014-09-28,0,0,0,0.0,0,0.0,2014,9,28
636,693252,749,7.0,2014-09-29,8421,887,1,0.0,0,0.0,2014,9,29
637,694187,749,1.0,2014-09-30,7788,861,1,1.0,0,0.0,2014,9,30
638,695122,749,2.0,2014-10-01,6634,752,1,1.0,0,0.0,2014,10,1
639,696057,749,3.0,2014-10-02,7589,880,1,1.0,0,0.0,2014,10,2
640,696992,749,4.0,2014-10-03,0,0,0,1.0,a,0.0,2014,10,3
641,697927,749,5.0,2014-10-04,3022,368,1,1.0,0,0.0,2014,10,4
642,698862,749,6.0,2014-10-05,0,0,0,0.0,0,0.0,2014,10,5
643,699797,749,7.0,2014-10-06,9304,984,1,0.0,0,0.0,2014,10,6
644,700732,749,1.0,2014-10-07,6671,743,1,1.0,0,0.0,2014,10,7
645,701667,749,2.0,2014-10-08,5779,684,1,1.0,0,0.0,2014,10,8
646,702602,749,3.0,2014-10-09,5785,680,1,1.0,0,0.0,2014,10,9
647,703537,749,4.0,2014-10-10,6736,818,1,1.0,0,0.0,2014,10,10
648,704472,749,5.0,2014-10-11,2629,356,1,1.0,0,0.0,2014,10,11
649,705407,749,6.0,2014-10-12,0,0,0,0.0,0,0.0,2014,10,12
650,706342,749,7.0,2014-10-13,4700,645,1,0.0,0,0.0,2014,10,13
651,707277,749,1.0,2014-10-14,4524,651,1,0.0,0,0.0,2014,10,14
652,708212,749,2.0,2014-10-15,3798,582,1,0.0,0,0.0,2014,10,15
653,709147,749,3.0,2014-10-16,3586,539,1,0.0,0,0.0,2014,10,16
654,710082,749,4.0,2014-10-17,3893,578,1,0.0,0,0.0,2014,10,17
655,711017,749,5.0,2014-10-18,1748,238,1,0.0,0,0.0,2014,10,18
656,711952,749,6.0,2014-10-19,0,0,0,0.0,0,0.0,2014,10,19
657,712887,749,7.0,2014-10-20,5640,652,1,0.0,0,0.0,2014,10,20
658,713822,749,1.0,2014-10-21,4262,525,1,1.0,0,1.0,2014,10,21
659,714757,749,2.0,2014-10-22,3793,508,1,1.0,0,1.0,2014,10,22
660,715692,749,3.0,2014-10-23,4085,500,1,1.0,0,1.0,2014,10,23
661,716627,749,4.0,2014-10-24,4553,592,1,1.0,0,1.0,2014,10,24
662,717562,749,5.0,2014-10-25,1883,240,1,1.0,0,1.0,2014,10,25
663,718497,749,6.0,2014-10-26,0,0,0,0.0,0,0.0,2014,10,26
664,719432,749,7.0,2014-10-27,4210,593,1,0.0,0,0.0,2014,10,27
665,720367,749,1.0,2014-10-28,3703,535,1,0.0,0,1.0,2014,10,28
666,721302,749,2.0,2014-10-29,3297,496,1,0.0,0,1.0,2014,10,29
667,722237,749,3.0,2014-10-30,4320,570,1,0.0,0,1.0,2014,10,30
668,723172,749,4.0,2014-10-31,5211,725,1,0.0,0,1.0,2014,10,31
669,724107,749,5.0,2014-11-01,0,0,0,0.0,a,1.0,2014,11,1
670,725042,749,6.0,2014-11-02,0,0,0,0.0,0,0.0,2014,11,2
671,725977,749,7.0,2014-11-03,7643,816,1,0.0,0,0.0,2014,11,3
672,726912,749,1.0,2014-11-04,5851,705,1,1.0,0,0.0,2014,11,4
673,727847,749,2.0,2014-11-05,5256,601,1,1.0,0,0.0,2014,11,5
674,728782,749,3.0,2014-11-06,5327,651,1,1.0,0,0.0,2014,11,6
675,729717,749,4.0,2014-11-07,5315,671,1,1.0,0,0.0,2014,11,7
676,730652,749,5.0,2014-11-08,2310,297,1,1.0,0,0.0,2014,11,8
677,731587,749,6.0,2014-11-09,0,0,0,0.0,0,0.0,2014,11,9
678,732522,749,7.0,2014-11-10,6365,720,1,0.0,0,0.0,2014,11,10
679,733457,749,1.0,2014-11-11,5425,673,1,1.0,0,0.0,2014,11,11
680,734392,749,2.0,2014-11-12,4601,564,1,1.0,0,0.0,2014,11,12
681,735327,749,3.0,2014-11-13,4823,619,1,1.0,0,0.0,2014,11,13
682,736262,749,4.0,2014-11-14,5611,710,1,1.0,0,0.0,2014,11,14
683,737197,749,5.0,2014-11-15,2017,263,1,1.0,0,0.0,2014,11,15
684,738132,749,6.0,2014-11-16,0,0,0,0.0,0,0.0,2014,11,16
685,739067,749,7.0,2014-11-17,4262,617,1,0.0,0,0.0,2014,11,17
686,740002,749,1.0,2014-11-18,4001,557,1,0.0,0,0.0,2014,11,18
687,740937,749,2.0,2014-11-19,3332,489,1,0.0,0,0.0,2014,11,19
688,741872,749,3.0,2014-11-20,4260,564,1,0.0,0,0.0,2014,11,20
689,742807,749,4.0,2014-11-21,3656,541,1,0.0,0,0.0,2014,11,21
690,743742,749,5.0,2014-11-22,2022,276,1,0.0,0,0.0,2014,11,22
691,744677,749,6.0,2014-11-23,0,0,0,0.0,0,0.0,2014,11,23
692,745612,749,7.0,2014-11-24,7131,788,1,0.0,0,0.0,2014,11,24
693,746547,749,1.0,2014-11-25,5668,691,1,1.0,0,0.0,2014,11,25
694,747482,749,2.0,2014-11-26,4892,598,1,1.0,0,0.0,2014,11,26
695,748417,749,3.0,2014-11-27,5898,671,1,1.0,0,0.0,2014,11,27
696,749352,749,4.0,2014-11-28,6663,776,1,1.0,0,0.0,2014,11,28
697,750287,749,5.0,2014-11-29,3459,385,1,1.0,0,0.0,2014,11,29
698,751222,749,6.0,2014-11-30,0,0,0,0.0,0,0.0,2014,11,30
699,752157,749,7.0,2014-12-01,8123,842,1,0.0,0,0.0,2014,12,1
700,753092,749,1.0,2014-12-02,6587,701,1,1.0,0,0.0,2014,12,2
701,754027,749,2.0,2014-12-03,5786,672,1,1.0,0,0.0,2014,12,3
702,754962,749,3.0,2014-12-04,5714,679,1,1.0,0,0.0,2014,12,4
703,755897,749,4.0,2014-12-05,7291,796,1,1.0,0,0.0,2014,12,5
704,756832,749,5.0,2014-12-06,3507,402,1,1.0,0,0.0,2014,12,6
705,757767,749,6.0,2014-12-07,0,0,0,0.0,0,0.0,2014,12,7
706,758702,749,7.0,2014-12-08,5200,654,1,0.0,0,0.0,2014,12,8
707,759637,749,1.0,2014-12-09,4245,571,1,0.0,0,0.0,2014,12,9
708,760572,749,2.0,2014-12-10,3587,539,1,0.0,0,0.0,2014,12,10
709,761507,749,3.0,2014-12-11,4412,534,1,0.0,0,0.0,2014,12,11
710,762442,749,4.0,2014-12-12,4930,594,1,0.0,0,0.0,2014,12,12
711,763377,749,5.0,2014-12-13,3256,383,1,0.0,0,0.0,2014,12,13
712,764312,749,6.0,2014-12-14,0,0,0,0.0,0,0.0,2014,12,14
713,765247,749,7.0,2014-12-15,9541,896,1,0.0,0,0.0,2014,12,15
714,766182,749,1.0,2014-12-16,8122,813,1,1.0,0,0.0,2014,12,16
715,767117,749,2.0,2014-12-17,5590,633,1,1.0,0,0.0,2014,12,17
716,768052,749,3.0,2014-12-18,6595,758,1,1.0,0,0.0,2014,12,18
717,768987,749,4.0,2014-12-19,6732,760,1,1.0,0,0.0,2014,12,19
718,769922,749,5.0,2014-12-20,2963,350,1,1.0,0,0.0,2014,12,20
719,770857,749,6.0,2014-12-21,0,0,0,0.0,0,0.0,2014,12,21
720,771792,749,7.0,2014-12-22,7284,845,1,0.0,0,0.0,2014,12,22
721,772727,749,1.0,2014-12-23,7460,862,1,0.0,0,1.0,2014,12,23
722,773662,749,2.0,2014-12-24,3752,424,1,0.0,0,1.0,2014,12,24
723,774597,749,3.0,2014-12-25,0,0,0,0.0,c,1.0,2014,12,25
724,775532,749,4.0,2014-12-26,0,0,0,0.0,c,1.0,2014,12,26
725,776467,749,5.0,2014-12-27,2177,285,1,0.0,0,1.0,2014,12,27
726,777402,749,6.0,2014-12-28,0,0,0,0.0,0,0.0,2014,12,28
727,778337,749,7.0,2014-12-29,4502,573,1,0.0,0,0.0,2014,12,29
728,779272,749,1.0,2014-12-30,5650,635,1,0.0,0,1.0,2014,12,30
729,780207,749,2.0,2014-12-31,3155,382,1,0.0,0,1.0,2014,12,31
730,781195,749,3.0,2015-01-01,0,0,0,0.0,a,1.0,2015,1,1
731,782310,749,4.0,2015-01-02,4433,587,1,0.0,0,1.0,2015,1,2
732,783425,749,5.0,2015-01-03,1852,264,1,0.0,0,1.0,2015,1,3
733,784540,749,6.0,2015-01-04,0,0,0,0.0,0,0.0,2015,1,4
734,785655,749,7.0,2015-01-05,7534,822,1,0.0,0,0.0,2015,1,5
735,786770,749,1.0,2015-01-06,5976,656,1,1.0,0,1.0,2015,1,6
736,787885,749,2.0,2015-01-07,5417,610,1,1.0,0,1.0,2015,1,7
737,789000,749,3.0,2015-01-08,4576,542,1,1.0,0,1.0,2015,1,8
738,790115,749,4.0,2015-01-09,4881,608,1,1.0,0,0.0,2015,1,9
739,791230,749,5.0,2015-01-10,2017,259,1,1.0,0,0.0,2015,1,10
740,792345,749,6.0,2015-01-11,0,0,0,0.0,0,0.0,2015,1,11
741,793460,749,7.0,2015-01-12,6851,727,1,0.0,0,0.0,2015,1,12
742,794575,749,1.0,2015-01-13,5617,701,1,1.0,0,0.0,2015,1,13
743,795690,749,2.0,2015-01-14,4765,575,1,1.0,0,0.0,2015,1,14
744,796805,749,3.0,2015-01-15,4902,620,1,1.0,0,0.0,2015,1,15
745,797920,749,4.0,2015-01-16,4193,538,1,1.0,0,0.0,2015,1,16
746,799035,749,5.0,2015-01-17,1938,260,1,1.0,0,0.0,2015,1,17
747,800150,749,6.0,2015-01-18,0,0,0,0.0,0,0.0,2015,1,18
748,801265,749,7.0,2015-01-19,3868,582,1,0.0,0,0.0,2015,1,19
749,802380,749,1.0,2015-01-20,3487,503,1,0.0,0,0.0,2015,1,20
750,803495,749,2.0,2015-01-21,3933,528,1,0.0,0,0.0,2015,1,21
751,804610,749,3.0,2015-01-22,4323,582,1,0.0,0,0.0,2015,1,22
752,805725,749,4.0,2015-01-23,3687,536,1,0.0,0,0.0,2015,1,23
753,806840,749,5.0,2015-01-24,1522,217,1,0.0,0,0.0,2015,1,24
754,807955,749,6.0,2015-01-25,0,0,0,0.0,0,0.0,2015,1,25
755,809070,749,7.0,2015-01-26,6094,671,1,0.0,0,0.0,2015,1,26
756,810185,749,1.0,2015-01-27,6047,718,1,1.0,0,0.0,2015,1,27
757,811300,749,2.0,2015-01-28,4730,575,1,1.0,0,0.0,2015,1,28
758,812415,749,3.0,2015-01-29,4929,559,1,1.0,0,0.0,2015,1,29
759,813530,749,4.0,2015-01-30,6217,750,1,1.0,0,0.0,2015,1,30
760,814645,749,5.0,2015-01-31,2735,324,1,1.0,0,0.0,2015,1,31
761,815760,749,6.0,2015-02-01,0,0,0,0.0,0,0.0,2015,2,1
762,816875,749,7.0,2015-02-02,7027,788,1,0.0,0,0.0,2015,2,2
763,817990,749,1.0,2015-02-03,6300,668,1,1.0,0,0.0,2015,2,3
764,819105,749,2.0,2015-02-04,4708,630,1,1.0,0,0.0,2015,2,4
765,820220,749,3.0,2015-02-05,4937,603,1,1.0,0,0.0,2015,2,5
766,821335,749,4.0,2015-02-06,4949,637,1,1.0,0,0.0,2015,2,6
767,822450,749,5.0,2015-02-07,2038,260,1,1.0,0,0.0,2015,2,7
768,823565,749,6.0,2015-02-08,0,0,0,0.0,0,0.0,2015,2,8
769,824680,749,7.0,2015-02-09,4132,609,1,0.0,0,0.0,2015,2,9
770,825795,749,1.0,2015-02-10,4100,564,1,0.0,0,0.0,2015,2,10
771,826910,749,2.0,2015-02-11,3345,515,1,0.0,0,0.0,2015,2,11
772,828025,749,3.0,2015-02-12,4095,555,1,0.0,0,0.0,2015,2,12
773,829140,749,4.0,2015-02-13,4741,635,1,0.0,0,0.0,2015,2,13
774,830255,749,5.0,2015-02-14,2178,291,1,0.0,0,0.0,2015,2,14
775,831370,749,6.0,2015-02-15,0,0,0,0.0,0,0.0,2015,2,15
776,832485,749,7.0,2015-02-16,6897,748,1,0.0,0,0.0,2015,2,16
777,833600,749,1.0,2015-02-17,2521,292,1,1.0,0,0.0,2015,2,17
778,834715,749,2.0,2015-02-18,5596,680,1,1.0,0,0.0,2015,2,18
779,835830,749,3.0,2015-02-19,4632,598,1,1.0,0,0.0,2015,2,19
780,836945,749,4.0,2015-02-20,5816,711,1,1.0,0,0.0,2015,2,20
781,838060,749,5.0,2015-02-21,1835,255,1,1.0,0,0.0,2015,2,21
782,839175,749,6.0,2015-02-22,0,0,0,0.0,0,0.0,2015,2,22
783,840290,749,7.0,2015-02-23,3911,568,1,0.0,0,0.0,2015,2,23
784,841405,749,1.0,2015-02-24,4241,545,1,0.0,0,0.0,2015,2,24
785,842520,749,2.0,2015-02-25,3266,505,1,0.0,0,0.0,2015,2,25
786,843635,749,3.0,2015-02-26,3889,562,1,0.0,0,0.0,2015,2,26
787,844750,749,4.0,2015-02-27,4084,521,1,0.0,0,0.0,2015,2,27
788,845865,749,5.0,2015-02-28,2428,316,1,0.0,0,0.0,2015,2,28
789,846980,749,6.0,2015-03-01,0,0,0,0.0,0,0.0,2015,3,1
790,848095,749,7.0,2015-03-02,8170,844,1,0.0,0,0.0,2015,3,2
791,849210,749,1.0,2015-03-03,6768,756,1,1.0,0,0.0,2015,3,3
792,850325,749,2.0,2015-03-04,4939,643,1,1.0,0,0.0,2015,3,4
793,851440,749,3.0,2015-03-05,5045,632,1,1.0,0,0.0,2015,3,5
794,852555,749,4.0,2015-03-06,5675,692,1,1.0,0,0.0,2015,3,6
795,853670,749,5.0,2015-03-07,1781,257,1,1.0,0,0.0,2015,3,7
796,854785,749,6.0,2015-03-08,0,0,0,0.0,0,0.0,2015,3,8
797,855900,749,7.0,2015-03-09,4298,614,1,0.0,0,0.0,2015,3,9
798,857015,749,1.0,2015-03-10,3454,517,1,0.0,0,0.0,2015,3,10
799,858130,749,2.0,2015-03-11,3722,549,1,0.0,0,0.0,2015,3,11
800,859245,749,3.0,2015-03-12,3752,540,1,0.0,0,0.0,2015,3,12
801,860360,749,4.0,2015-03-13,4303,589,1,0.0,0,0.0,2015,3,13
802,861475,749,5.0,2015-03-14,1897,237,1,0.0,0,0.0,2015,3,14
803,862590,749,6.0,2015-03-15,0,0,0,0.0,0,0.0,2015,3,15
804,863705,749,7.0,2015-03-16,6793,774,1,0.0,0,0.0,2015,3,16
805,864820,749,1.0,2015-03-17,5359,682,1,1.0,0,0.0,2015,3,17
806,865935,749,2.0,2015-03-18,4786,624,1,1.0,0,0.0,2015,3,18
807,867050,749,3.0,2015-03-19,4576,616,1,1.0,0,0.0,2015,3,19
808,868165,749,4.0,2015-03-20,5127,630,1,1.0,0,0.0,2015,3,20
809,869280,749,5.0,2015-03-21,1887,261,1,1.0,0,0.0,2015,3,21
810,870395,749,6.0,2015-03-22,0,0,0,0.0,0,0.0,2015,3,22
811,871510,749,7.0,2015-03-23,4663,645,1,0.0,0,0.0,2015,3,23
812,872625,749,1.0,2015-03-24,4041,571,1,0.0,0,0.0,2015,3,24
813,873740,749,2.0,2015-03-25,4003,546,1,0.0,0,0.0,2015,3,25
814,874855,749,3.0,2015-03-26,3897,571,1,0.0,0,0.0,2015,3,26
815,875970,749,4.0,2015-03-27,4758,641,1,0.0,0,1.0,2015,3,27
816,877085,749,5.0,2015-03-28,2218,288,1,0.0,0,1.0,2015,3,28
817,878200,749,6.0,2015-03-29,0,0,0,0.0,0,0.0,2015,3,29
818,879315,749,7.0,2015-03-30,7746,820,1,0.0,0,0.0,2015,3,30
819,880430,749,1.0,2015-03-31,5835,625,1,1.0,0,1.0,2015,3,31
820,881545,749,2.0,2015-04-01,7023,717,1,1.0,0,1.0,2015,4,1
821,882660,749,3.0,2015-04-02,7324,810,1,1.0,0,1.0,2015,4,2
822,883775,749,4.0,2015-04-03,0,0,0,1.0,b,1.0,2015,4,3
823,884890,749,5.0,2015-04-04,3255,359,1,1.0,0,1.0,2015,4,4
824,886005,749,6.0,2015-04-05,0,0,0,0.0,0,0.0,2015,4,5
825,887120,749,7.0,2015-04-06,0,0,0,0.0,b,0.0,2015,4,6
826,888235,749,1.0,2015-04-07,5454,657,1,0.0,0,1.0,2015,4,7
827,889350,749,2.0,2015-04-08,4323,598,1,0.0,0,1.0,2015,4,8
828,890465,749,3.0,2015-04-09,4399,571,1,0.0,0,1.0,2015,4,9
829,891580,749,4.0,2015-04-10,4355,582,1,0.0,0,1.0,2015,4,10
830,892695,749,5.0,2015-04-11,2245,268,1,0.0,0,1.0,2015,4,11
831,893810,749,6.0,2015-04-12,0,0,0,0.0,0,0.0,2015,4,12
832,894925,749,7.0,2015-04-13,7637,787,1,0.0,0,0.0,2015,4,13
833,896040,749,1.0,2015-04-14,6083,668,1,1.0,0,0.0,2015,4,14
834,897155,749,2.0,2015-04-15,5458,660,1,1.0,0,0.0,2015,4,15
835,898270,749,3.0,2015-04-16,5130,634,1,1.0,0,0.0,2015,4,16
836,899385,749,4.0,2015-04-17,5567,647,1,1.0,0,0.0,2015,4,17
837,900500,749,5.0,2015-04-18,2315,259,1,1.0,0,0.0,2015,4,18
838,901615,749,6.0,2015-04-19,0,0,0,0.0,0,0.0,2015,4,19
839,902730,749,7.0,2015-04-20,4195,561,1,0.0,0,0.0,2015,4,20
840,903845,749,1.0,2015-04-21,3743,541,1,0.0,0,0.0,2015,4,21
841,904960,749,2.0,2015-04-22,3615,520,1,0.0,0,0.0,2015,4,22
842,906075,749,3.0,2015-04-23,3989,550,1,0.0,0,0.0,2015,4,23
843,907190,749,4.0,2015-04-24,4604,610,1,0.0,0,0.0,2015,4,24
844,908305,749,5.0,2015-04-25,2096,260,1,0.0,0,0.0,2015,4,25
845,909420,749,6.0,2015-04-26,0,0,0,0.0,0,0.0,2015,4,26
846,910535,749,7.0,2015-04-27,6954,741,1,0.0,0,0.0,2015,4,27
847,911650,749,1.0,2015-04-28,5769,651,1,1.0,0,0.0,2015,4,28
848,912765,749,2.0,2015-04-29,6209,695,1,1.0,0,0.0,2015,4,29
849,913880,749,3.0,2015-04-30,7228,817,1,1.0,0,0.0,2015,4,30
850,914995,749,4.0,2015-05-01,0,0,0,1.0,a,0.0,2015,5,1
851,916110,749,5.0,2015-05-02,2980,369,1,1.0,0,0.0,2015,5,2
852,917225,749,6.0,2015-05-03,0,0,0,0.0,0,0.0,2015,5,3
853,918340,749,7.0,2015-05-04,7022,794,1,0.0,0,0.0,2015,5,4
854,919455,749,1.0,2015-05-05,5773,665,1,1.0,0,0.0,2015,5,5
855,920570,749,2.0,2015-05-06,5325,619,1,1.0,0,0.0,2015,5,6
856,921685,749,3.0,2015-05-07,5116,649,1,1.0,0,0.0,2015,5,7
857,922800,749,4.0,2015-05-08,5706,709,1,1.0,0,0.0,2015,5,8
858,923915,749,5.0,2015-05-09,2133,264,1,1.0,0,0.0,2015,5,9
859,925030,749,6.0,2015-05-10,0,0,0,0.0,0,0.0,2015,5,10
860,926145,749,7.0,2015-05-11,4557,643,1,0.0,0,0.0,2015,5,11
861,927260,749,1.0,2015-05-12,4079,594,1,0.0,0,0.0,2015,5,12
862,928375,749,2.0,2015-05-13,4745,628,1,0.0,0,0.0,2015,5,13
863,929490,749,3.0,2015-05-14,0,0,0,0.0,a,0.0,2015,5,14
864,930605,749,4.0,2015-05-15,5453,679,1,0.0,0,0.0,2015,5,15
865,931720,749,5.0,2015-05-16,2145,265,1,0.0,0,0.0,2015,5,16
866,932835,749,6.0,2015-05-17,0,0,0,0.0,0,0.0,2015,5,17
867,933950,749,7.0,2015-05-18,7176,809,1,0.0,0,0.0,2015,5,18
868,935065,749,1.0,2015-05-19,5487,641,1,1.0,0,0.0,2015,5,19
869,936180,749,2.0,2015-05-20,5137,607,1,1.0,0,0.0,2015,5,20
870,937295,749,3.0,2015-05-21,4742,591,1,1.0,0,0.0,2015,5,21
871,938410,749,4.0,2015-05-22,4793,624,1,1.0,0,0.0,2015,5,22
872,939525,749,5.0,2015-05-23,2346,292,1,1.0,0,0.0,2015,5,23
873,940640,749,6.0,2015-05-24,0,0,0,0.0,0,0.0,2015,5,24
874,941755,749,7.0,2015-05-25,0,0,0,0.0,a,0.0,2015,5,25
875,942870,749,1.0,2015-05-26,4888,655,1,0.0,0,0.0,2015,5,26
876,943985,749,2.0,2015-05-27,3865,548,1,0.0,0,0.0,2015,5,27
877,945100,749,3.0,2015-05-28,4271,558,1,0.0,0,0.0,2015,5,28
878,946215,749,4.0,2015-05-29,5572,656,1,0.0,0,0.0,2015,5,29
879,947330,749,5.0,2015-05-30,2500,299,1,0.0,0,0.0,2015,5,30
880,948445,749,6.0,2015-05-31,0,0,0,0.0,0,0.0,2015,5,31
881,949560,749,7.0,2015-06-01,7276,745,1,0.0,0,0.0,2015,6,1
882,950675,749,1.0,2015-06-02,7059,753,1,1.0,0,0.0,2015,6,2
883,951790,749,2.0,2015-06-03,6173,694,1,1.0,0,0.0,2015,6,3
884,952905,749,3.0,2015-06-04,0,0,0,1.0,a,0.0,2015,6,4
885,954020,749,4.0,2015-06-05,6213,719,1,1.0,0,0.0,2015,6,5
886,955135,749,5.0,2015-06-06,2132,290,1,1.0,0,0.0,2015,6,6
887,956250,749,6.0,2015-06-07,0,0,0,0.0,0,0.0,2015,6,7
888,957365,749,7.0,2015-06-08,5003,619,1,0.0,0,0.0,2015,6,8
889,958480,749,1.0,2015-06-09,4464,559,1,0.0,0,0.0,2015,6,9
890,959595,749,2.0,2015-06-10,3909,532,1,0.0,0,0.0,2015,6,10
891,960710,749,3.0,2015-06-11,4174,542,1,0.0,0,0.0,2015,6,11
892,961825,749,4.0,2015-06-12,4874,646,1,0.0,0,0.0,2015,6,12
893,962940,749,5.0,2015-06-13,1866,261,1,0.0,0,0.0,2015,6,13
894,964055,749,6.0,2015-06-14,0,0,0,0.0,0,0.0,2015,6,14
895,965170,749,7.0,2015-06-15,7016,749,1,0.0,0,0.0,2015,6,15
896,966285,749,1.0,2015-06-16,6245,660,1,1.0,0,0.0,2015,6,16
897,967400,749,2.0,2015-06-17,5345,614,1,1.0,0,0.0,2015,6,17
898,968515,749,3.0,2015-06-18,4151,511,1,1.0,0,0.0,2015,6,18
899,969630,749,4.0,2015-06-19,5749,678,1,1.0,0,0.0,2015,6,19
900,970745,749,5.0,2015-06-20,2103,291,1,1.0,0,0.0,2015,6,20
901,971860,749,6.0,2015-06-21,0,0,0,0.0,0,0.0,2015,6,21
902,972975,749,7.0,2015-06-22,4312,560,1,0.0,0,0.0,2015,6,22
903,974090,749,1.0,2015-06-23,3625,520,1,0.0,0,0.0,2015,6,23
904,975205,749,2.0,2015-06-24,3654,496,1,0.0,0,0.0,2015,6,24
905,976320,749,3.0,2015-06-25,3833,512,1,0.0,0,0.0,2015,6,25
906,977435,749,4.0,2015-06-26,4311,556,1,0.0,0,0.0,2015,6,26
907,978550,749,5.0,2015-06-27,2120,240,1,0.0,0,0.0,2015,6,27
908,979665,749,6.0,2015-06-28,0,0,0,0.0,0,0.0,2015,6,28
909,980780,749,7.0,2015-06-29,8694,827,1,0.0,0,0.0,2015,6,29
910,981895,749,1.0,2015-06-30,8413,807,1,1.0,0,0.0,2015,6,30
911,983010,749,2.0,2015-07-01,5269,615,1,1.0,0,0.0,2015,7,1
912,984125,749,3.0,2015-07-02,4817,571,1,1.0,0,0.0,2015,7,2
913,985240,749,4.0,2015-07-03,5519,653,1,1.0,0,0.0,2015,7,3
914,986355,749,5.0,2015-07-04,2404,272,1,1.0,0,0.0,2015,7,4
915,987470,749,6.0,2015-07-05,0,0,0,0.0,0,0.0,2015,7,5
916,988585,749,7.0,2015-07-06,4770,631,1,0.0,0,0.0,2015,7,6
917,989700,749,1.0,2015-07-07,4143,557,1,0.0,0,0.0,2015,7,7
918,990815,749,2.0,2015-07-08,4451,576,1,0.0,0,0.0,2015,7,8
919,991930,749,3.0,2015-07-09,4245,557,1,0.0,0,0.0,2015,7,9
920,993045,749,4.0,2015-07-10,4671,648,1,0.0,0,0.0,2015,7,10
921,994160,749,5.0,2015-07-11,2125,281,1,0.0,0,0.0,2015,7,11
922,995275,749,6.0,2015-07-12,0,0,0,0.0,0,0.0,2015,7,12
923,996390,749,7.0,2015-07-13,6613,727,1,0.0,0,0.0,2015,7,13
924,997505,749,1.0,2015-07-14,6175,667,1,1.0,0,0.0,2015,7,14
925,998620,749,2.0,2015-07-15,5574,657,1,1.0,0,0.0,2015,7,15
926,999735,749,3.0,2015-07-16,4515,621,1,1.0,0,0.0,2015,7,16
927,1000850,749,4.0,2015-07-17,5389,672,1,1.0,0,0.0,2015,7,17
928,1001965,749,5.0,2015-07-18,2198,267,1,1.0,0,0.0,2015,7,18
929,1003080,749,6.0,2015-07-19,0,0,0,0.0,0,0.0,2015,7,19
930,1004195,749,7.0,2015-07-20,4491,591,1,0.0,0,0.0,2015,7,20
931,1005310,749,1.0,2015-07-21,3959,556,1,0.0,0,0.0,2015,7,21
932,1006425,749,2.0,2015-07-22,4254,552,1,0.0,0,0.0,2015,7,22
933,1007540,749,3.0,2015-07-23,4537,587,1,0.0,0,0.0,2015,7,23
934,1008655,749,4.0,2015-07-24,4443,608,1,0.0,0,0.0,2015,7,24
935,1009770,749,5.0,2015-07-25,1751,220,1,0.0,0,0.0,2015,7,25
936,1010885,749,6.0,2015-07-26,0,0,0,0.0,0,0.0,2015,7,26
937,1012000,749,7.0,2015-07-27,6808,706,1,0.0,0,0.0,2015,7,27
938,1013115,749,1.0,2015-07-28,5777,641,1,1.0,0,1.0,2015,7,28
939,1014230,749,2.0,2015-07-29,4757,548,1,1.0,0,1.0,2015,7,29
940,1015345,749,3.0,2015-07-30,5243,575,1,1.0,0,1.0,2015,7,30
941,1016460,749,4.0,2015-07-31,6612,716,1,1.0,0,1.0,2015,7,31
